combination_id,test_r2,test_mae,test_rmse,val_r2,best_epoch,total_epochs,final_train_loss,final_val_loss,train_val_gap,overfitting_ratio,best_epoch_gap,best_epoch_overfitting_ratio,val_r2_trend,hidden_dim,num_layers,dropout,latent_dim,learning_rate,batch_size,beta_kl,gamma_score,weight_decay,use_layernorm,is_best
220,0.9413102569997494,2.102983262947237,2.8985037967240013,0.9386757574362862,49,50,2.39535141269562,2.441405635588584,-0.0460542228929639,-0.018863814444280563,-0.039052764669268214,-0.016030620479336736,0.000567834814311885,256,2,0.1,64,0.001,128,1.0,1.0,0.01,False,True
218,0.9381545769124106,2.1499400153391646,2.97540817666623,0.936699872896665,44,50,2.3535975683001986,2.3902435405718627,-0.03664597227166411,-0.015331480516373074,-0.03954942944915407,-0.01646106112102419,-0.0006255941443297219,256,2,0.1,64,0.001,128,1.0,1.0,0.0001,False,False
217,0.9363103063814455,2.1831939121295187,3.0194465735654665,0.9346020833538967,42,50,2.404117043594206,2.448666401944616,-0.044549358350410184,-0.018193314661005343,-0.03294313237882873,-0.013457633485636685,0.000969509277729097,256,2,0.1,64,0.001,128,1.0,1.0,0.0001,True,False
219,0.9367006154912982,2.1717057301480285,3.0101803283826425,0.9335303566855089,48,50,2.4230566888964296,2.468703798923074,-0.045647110026644455,-0.018490314652797615,-0.041738036885544005,-0.01691901777577178,-0.0001584751740922874,256,2,0.1,64,0.001,128,1.0,1.0,0.01,True,False
267,0.935892309194348,2.2176163440173955,3.0293387243847936,0.9317872472330492,47,50,2.1930079041677026,2.2470959166592395,-0.05408801249153683,-0.024070184138801493,-0.04784156786850735,-0.0213015564774651,0.0013206605303476282,256,2,0.2,64,0.001,128,1.0,1.0,0.01,True,False
268,0.9325588392500479,2.287800873557259,3.107100407547323,0.9304633657456024,50,50,2.2199478295088646,2.2715989021672813,-0.05165107265841673,-0.02273776088249453,-0.05165107265841673,-0.02273776088249453,0.003466245597743889,256,2,0.2,64,0.001,128,1.0,1.0,0.01,False,False
265,0.9318028259506949,2.287989045974766,3.1244671222217573,0.9299356724684306,47,50,2.2023090209129728,2.2595085459248345,-0.05719952501186176,-0.025315029285914715,-0.05147144903676448,-0.02279127872520155,0.0022794644907031536,256,2,0.2,64,0.001,128,1.0,1.0,0.0001,True,False
266,0.9287937122153149,2.354413893473018,3.1926546420706123,0.9290919169462163,49,50,2.230494788647797,2.279624264083615,-0.049129475435818026,-0.021551567163884157,-0.05363568079165448,-0.023484447329655135,-0.00011760190166798523,256,2,0.2,64,0.001,128,1.0,1.0,0.0001,False,False
228,0.9308556344866337,2.2233257899143646,3.1460901832409394,0.9286052661190669,50,50,2.3917551384701397,2.445359628303014,-0.05360448983287425,-0.021920902435963462,-0.05360448983287425,-0.021920902435963462,0.003977449463453353,256,2,0.1,64,0.001,256,1.0,1.0,0.01,False,False
276,0.9302174061831225,2.315826791400567,3.160576624584967,0.9281016632658381,48,50,2.1943015212490935,2.258425736726563,-0.06412421547746971,-0.028393324799075956,-0.05333303549112056,-0.02369603414119927,0.0038472246262738485,256,2,0.2,64,0.001,256,1.0,1.0,0.01,False,False
224,0.9289268553549263,2.348070890577115,3.189668396276468,0.9274898451579998,50,50,2.730113082558943,2.763899500896148,-0.03378641833720497,-0.012224184825190023,-0.03378641833720497,-0.012224184825190023,0.0018494113382641064,256,2,0.1,64,0.001,128,2.0,1.0,0.01,False,False
274,0.9295148246824649,2.3184626118084575,3.1764473544402003,0.9274538984141474,48,50,2.212385097490238,2.2765251347848285,-0.06414003729459061,-0.028174535090583555,-0.05597116394026136,-0.02463239077655274,0.002966629517856978,256,2,0.2,64,0.001,256,1.0,1.0,0.0001,False,False
226,0.9286399526300659,2.254980792161947,3.1960998190852243,0.9264861287339684,50,50,2.3738950541658665,2.4416851160126876,-0.06779006184682101,-0.0277636380720227,-0.06779006184682101,-0.0277636380720227,0.0031690318921101523,256,2,0.1,64,0.001,256,1.0,1.0,0.0001,False,False
223,0.9280933153415659,2.373738828585172,3.208317960245849,0.9259275950571106,50,50,2.7403763357676496,2.77361333264048,-0.03323699687283055,-0.01198328421690594,-0.03323699687283055,-0.01198328421690594,0.005415229458822668,256,2,0.1,64,0.001,128,2.0,1.0,0.01,True,False
222,0.9287951782101728,2.3592437574211256,3.1926217767189407,0.9256995396643097,49,50,2.7296372049032933,2.7665710496698503,-0.036933844766557034,-0.013350043828068158,-0.033456253357619925,-0.012106805302671981,0.0019742799577505687,256,2,0.1,64,0.001,128,2.0,1.0,0.0001,False,False
316,0.9287706293087301,2.3326271513186985,3.193172080766282,0.925252767859126,50,50,2.439681284974586,2.481787584613896,-0.04210629963931023,-0.016966117447098486,-0.04210629963931023,-0.016966117447098486,0.004122768104174446,256,3,0.1,64,0.001,128,1.0,1.0,0.01,False,False
363,0.9281207767693817,2.3369352363244116,3.2077052675177287,0.9250679473005164,45,50,2.4805470182152325,2.518431570375963,-0.0378845521607305,-0.01504291504536489,-0.035213940834232904,-0.013977744322804854,0.002506595243112142,256,3,0.2,64,0.001,128,1.0,1.0,0.01,True,False
221,0.9279488286748849,2.355559545792047,3.2115396811392163,0.9244438592148981,47,50,2.7392787840545014,2.7752344092215337,-0.035955625167032323,-0.012955887635134231,-0.034589046944438984,-0.012464224039710007,0.004249364894066021,256,2,0.1,64,0.001,128,2.0,1.0,0.0001,True,False
315,0.9266948086857851,2.311402953977728,3.2393668644105493,0.9239011098065902,47,50,2.517163052457631,2.558225409695865,-0.041062357238233815,-0.01605110991494511,-0.04153774539403576,-0.016225186671354554,0.00037842073401039844,256,3,0.1,64,0.001,128,1.0,1.0,0.01,True,False
314,0.9243766531636846,2.393595682360098,3.2901880194894333,0.9238429914918869,46,50,2.4667147707535206,2.5071039755542834,-0.0403892048007628,-0.01610990417413117,-0.040621380350821745,-0.016208036574128566,0.0008848305239272936,256,3,0.1,64,0.001,128,1.0,1.0,0.0001,False,False
361,0.9242369722422852,2.4027792161977524,3.293225206368122,0.9231639376078437,43,50,2.4948100950896577,2.530187459808188,-0.03537736471853048,-0.013982112108488758,-0.037794401435141456,-0.014902699545355976,-0.0005259222098282779,256,3,0.2,64,0.001,128,1.0,1.0,0.0001,True,False
275,0.9257679678946269,2.37807872817448,3.2597811530296936,0.923054446772888,48,50,2.1996500380546538,2.2622423084895127,-0.06259227043485893,-0.027668243229281422,-0.05763582789277022,-0.025495164704595782,0.0022225606914186846,256,2,0.2,64,0.001,256,1.0,1.0,0.01,True,False
313,0.9244027862555275,2.376641270292788,3.289619476712478,0.92251934777585,44,50,2.523990631185015,2.5646264144643878,-0.040635783279372895,-0.015844718376988066,-0.03516706067037356,-0.013673319669072015,-0.00047986782845677034,256,3,0.1,64,0.001,128,1.0,1.0,0.0001,True,False
272,0.9233670634474673,2.502668791771092,3.3120776013058313,0.9215225710503046,48,50,2.5125254593289545,2.5492626428520535,-0.03673718352309896,-0.01441090568918324,-0.03640869024345861,-0.014265623714592427,0.0023821166980767527,256,2,0.2,64,0.001,128,2.0,1.0,0.01,False,False
364,0.92340001467706,2.4227779809210075,3.311365448223872,0.9214271367023059,32,42,2.497596917582177,2.536725225392435,-0.039128307810258,-0.01542473241429008,-0.03452972834607504,-0.013586342716043701,0.005247014719302556,256,3,0.2,64,0.001,128,1.0,1.0,0.01,False,False
271,0.9248919374956224,2.434786167538831,3.2789594750120403,0.9212507483720692,49,50,2.6014959612992814,2.641932571363118,-0.040436610063836476,-0.015305693454156936,-0.03107820907092229,-0.011793271298528963,1.817987979979563e-05,256,2,0.2,64,0.001,128,2.0,1.0,0.01,True,False
362,0.925033957999155,2.4173235032370766,3.275857944997769,0.921108400546236,47,50,2.489377264642522,2.52700076589042,-0.03762350124789826,-0.014888599068010632,-0.0363184006571462,-0.014371952632278142,0.001757738100831796,256,3,0.2,64,0.001,128,1.0,1.0,0.0001,False,False
371,0.9212502593967641,2.419243594556462,3.3575101609803024,0.9209605698187255,49,50,2.46294378615547,2.5071950959219738,-0.0442513097665036,-0.017649727314192523,-0.04359312634631207,-0.017395387080450558,0.0030663567041051554,256,3,0.2,64,0.001,256,1.0,1.0,0.01,True,False
269,0.924676140423205,2.4348423830837467,3.283666575067534,0.9200344125786205,49,50,2.596821582752746,2.6364932147678006,-0.03967163201505475,-0.015047120847056183,-0.03361256512653199,-0.012770315564269236,0.0002594451635147266,256,2,0.2,64,0.001,128,2.0,1.0,0.0001,True,False
227,0.9226811298076119,2.3836970738485803,3.3268676143412863,0.9196707655666317,50,50,2.348968698487945,2.408199191352577,-0.05923049286463211,-0.024595346214432125,-0.05923049286463211,-0.024595346214432125,0.0028088518075788382,256,2,0.1,64,0.001,256,1.0,1.0,0.01,True,False
273,0.9235018390855022,2.4305546198727366,3.3091638162412322,0.9195007853604203,45,50,2.1914090203686785,2.260742180143982,-0.06933315977530352,-0.0306683178578496,-0.06218223703822412,-0.02748704528258397,0.0028835142663284907,256,2,0.2,64,0.001,256,1.0,1.0,0.0001,True,False
270,0.9196744228561562,2.5489797375975893,3.390936811934998,0.9191586631916462,41,50,2.5432186558717405,2.579375938817166,-0.03615728294542553,-0.014017841448116441,-0.03545993925022284,-0.01364692125311317,-0.001650275542165569,256,2,0.2,64,0.001,128,2.0,1.0,0.0001,False,False
369,0.9213136974134908,2.417153234353643,3.356157542568616,0.9181176504737687,50,50,2.5296066303881597,2.568203579082988,-0.038596948694828104,-0.015028773033876727,-0.038596948694828104,-0.015028773033876727,0.004229733767266208,256,3,0.2,64,0.001,256,1.0,1.0,0.0001,True,False
323,0.9205628676051636,2.3388071414516776,3.3721318626346015,0.917907958328869,49,50,2.5227428222826638,2.5774692946401188,-0.05472647235745498,-0.021232637948882416,-0.051510414155961026,-0.020010857267893742,0.0014528700110598702,256,3,0.1,64,0.001,256,1.0,1.0,0.01,True,False
225,0.9210505947017495,2.4081114162583384,3.361763837573258,0.9176885297160468,48,50,2.3515326373619394,2.4146777601163825,-0.06314512275444306,-0.0261505380955675,-0.05961963132537962,-0.0247179193175281,0.0006740269269943644,256,2,0.1,64,0.001,256,1.0,1.0,0.0001,True,False
319,0.916487050465145,2.5332678168902016,3.45755964709681,0.9176171793989328,32,42,2.694757415070324,2.730502008664542,-0.035744593594218,-0.013090850503237784,-0.03053485379120424,-0.011198585898096346,0.0014153814843655965,256,3,0.1,64,0.001,128,2.0,1.0,0.01,True,False
320,0.9204182095159343,2.4858624594684096,3.3752008573269454,0.9173927337601719,50,50,2.7480486766817926,2.7845998678708277,-0.03655119118903505,-0.0131261915260317,-0.03655119118903505,-0.0131261915260317,0.0032642282867541006,256,3,0.1,64,0.001,128,2.0,1.0,0.01,False,False
230,0.918233866678996,2.4483116851666225,3.4212081665923884,0.9170471808558341,48,50,2.733091694574921,2.7830757022815136,-0.049984007706592504,-0.017959988535567517,-0.045318169498623107,-0.016306792007578834,0.0009393186096281481,256,2,0.1,64,0.001,256,2.0,1.0,0.0001,False,False
317,0.9183454750665665,2.5042708056192615,3.4188724445819703,0.9168978810031236,43,50,2.6926381276780638,2.7282442464441297,-0.0356061187660659,-0.01305092783114023,-0.034225933365803485,-0.012532632375245368,0.004142382017623958,256,3,0.1,64,0.001,128,2.0,1.0,0.0001,True,False
322,0.9162401347994423,2.4529408630328398,3.46266721151219,0.916586958454881,46,50,2.4555765303975625,2.519443243234173,-0.0638667128366106,-0.025349534270367537,-0.05917923827441385,-0.02349329911142572,-0.0012144863200537204,256,3,0.1,64,0.001,256,1.0,1.0,0.0001,False,False
232,0.9181713099493354,2.442699339962536,3.422516646438593,0.9164109159758806,50,50,2.7378682238355303,2.786461758685475,-0.048593534849944664,-0.01743915368602398,-0.048593534849944664,-0.01743915368602398,0.0023267919613456645,256,2,0.1,64,0.001,256,2.0,1.0,0.01,False,False
367,0.9180440094803656,2.5353320941915722,3.425177807555653,0.915781334565768,42,50,2.675122514545383,2.7081747992110112,-0.03305228466562804,-0.012204634898477514,-0.02788091967444828,-0.010301706384120729,0.002628422724561874,256,3,0.2,64,0.001,128,2.0,1.0,0.01,True,False
318,0.9183001930663236,2.5235253454373656,3.4198202911696036,0.9156282529085856,50,50,2.7226628985663552,2.7620424849983185,-0.039379586431963265,-0.014257415172231587,-0.039379586431963265,-0.014257415172231587,0.0007017012000234413,256,3,0.1,64,0.001,128,2.0,1.0,0.0001,False,False
321,0.9202177464001515,2.36550729772509,3.379449176749523,0.9154053721440722,49,50,2.517157041683074,2.5775778622457066,-0.06042082056263265,-0.023440929349847536,-0.05272041441784969,-0.0205147288718936,-2.291676461596559e-06,256,3,0.1,64,0.001,256,1.0,1.0,0.0001,True,False
368,0.9166375751872358,2.5553759390353292,3.454442268684435,0.9149251361385623,47,50,2.6641148128178176,2.6980473840732357,-0.033932571255418154,-0.012576714351172821,-0.030970491828549385,-0.011489477432984225,0.0017121297053696027,256,3,0.2,64,0.001,128,2.0,1.0,0.01,False,False
324,0.9162395799834565,2.468531167017999,3.4626786796535054,0.9148746073820264,44,50,2.400450859796546,2.472402575106133,-0.071951715309587,-0.029101941582672198,-0.06531520211743125,-0.02633597034896565,-0.001411783404884459,256,3,0.1,64,0.001,256,1.0,1.0,0.01,False,False
231,0.9143024722894695,2.5252940306024207,3.50249009896951,0.9144923828500443,46,50,2.6792212339100443,2.726249083789884,-0.04702784987983977,-0.017250019508292396,-0.04273507343463123,-0.01568858746980559,0.002938496101192567,256,2,0.1,64,0.001,256,2.0,1.0,0.01,True,False
372,0.9162813561901796,2.493818901726501,3.4618150520469295,0.9144844131575882,50,50,2.4515877311759304,2.501274766581614,-0.049687035405683755,-0.0198646850276225,-0.049687035405683755,-0.0198646850276225,0.0053461275523505325,256,3,0.2,64,0.001,256,1.0,1.0,0.01,False,False
365,0.915867360366867,2.5758533441579248,3.470363981408953,0.9139963302767358,43,50,2.6842397815545427,2.7193975796013072,-0.035157798046764555,-0.012928524431473187,-0.032812753635055536,-0.012060495425066329,0.0007134521092858614,256,3,0.2,64,0.001,128,2.0,1.0,0.0001,True,False
279,0.9153349341237885,2.571370144120586,3.4813276145770424,0.9138426561680406,48,50,2.5838247599625443,2.626201452158016,-0.04237669219547158,-0.016136116351869952,-0.03756191651206242,-0.014306011698380777,0.002226062413737906,256,2,0.2,64,0.001,256,2.0,1.0,0.01,True,False
229,0.9151896054214066,2.5216005721321566,3.4843142058817826,0.9132406539998666,47,50,2.679344636063571,2.724415177541949,-0.04507054147837808,-0.01654319864677971,-0.046306991883639625,-0.01697829699529992,0.0037732076242715795,256,2,0.1,64,0.001,256,2.0,1.0,0.0001,True,False
373,0.9127266276117076,2.576202951542457,3.5345460867906855,0.9128969270005597,49,50,2.750156795386841,2.7879371700242728,-0.03778037463743189,-0.013551372334945038,-0.036490872434562505,-0.013089852737976656,0.007114735871375899,256,3,0.2,64,0.001,256,2.0,1.0,0.0001,True,False
328,0.912836870139393,2.5461904905433737,3.5323129862791527,0.9128723728796713,50,50,2.704095560539894,2.748606835882156,-0.04451127534226185,-0.01619412233178708,-0.04451127534226185,-0.01619412233178708,0.0045405062778225425,256,3,0.1,64,0.001,256,2.0,1.0,0.01,False,False
375,0.9099981814900562,2.6230768674453033,3.589371515209572,0.9125768814419931,49,50,2.7320799624830765,2.77132557531985,-0.039245612836773525,-0.014161314421617182,-0.03511339155336124,-0.01268192956281079,0.004908050752832738,256,3,0.2,64,0.001,256,2.0,1.0,0.01,True,False
277,0.9162126237244641,2.5583717257075267,3.463235824392112,0.9122883725858915,46,50,2.5945595302125057,2.642259603964063,-0.04770007375155716,-0.01805275820740509,-0.04268453703301178,-0.016170678596805075,0.0005454636495249021,256,2,0.2,64,0.001,256,2.0,1.0,0.0001,True,False
280,0.915809685046656,2.5653613254848793,3.471553294282201,0.9111948851108781,49,50,2.475323625051874,2.5309237657443613,-0.05560014069248709,-0.02196831901656853,-0.049467683719814026,-0.019585543934727563,0.0009567991555289312,256,2,0.2,64,0.001,256,2.0,1.0,0.01,False,False
376,0.9117911956594198,2.6251671979680613,3.553437959400555,0.9111066349649942,45,50,2.6476191498401933,2.689698866829532,-0.04207971698933877,-0.01564476882831869,-0.04039960016923905,-0.015016093949835706,0.0034943620291623123,256,3,0.2,64,0.001,256,2.0,1.0,0.01,False,False
326,0.9101358597402343,2.599629421923529,3.5866250844602483,0.9110543855885618,49,50,2.7100399452639987,2.7575019654598387,-0.047462020195840005,-0.017211962417559068,-0.04645815828770061,-0.0168531443663331,0.002468914110530962,256,3,0.1,64,0.001,256,2.0,1.0,0.0001,False,False
370,0.9109750368690008,2.6054133331285128,3.569839337894456,0.9104252700865448,46,50,2.4335839732584263,2.4873699918885643,-0.05378601863013799,-0.021623650203040495,-0.047171246656271926,-0.018994987504867077,0.002191820134697653,256,3,0.2,64,0.001,256,1.0,1.0,0.0001,False,False
278,0.912523018097287,2.611290763259768,3.538666747733711,0.910331042281743,48,50,2.4668633077935604,2.5213299273742416,-0.05446661958068111,-0.02160233731783116,-0.0489805420095335,-0.019447572177135938,0.0031226587776430614,256,2,0.2,64,0.001,256,2.0,1.0,0.0001,False,False
234,0.908289003279096,2.5050960716364306,3.623293178901351,0.9101711376938277,49,50,2.3699276523362056,2.45566654828912,-0.08573889595291417,-0.03491471430135703,-0.08519078276834069,-0.03467513753676172,0.0038523722154335527,256,2,0.1,64,0.001,512,1.0,1.0,0.0001,False,False
366,0.9096793139338955,2.680393693922631,3.595724287804182,0.9098247650728765,30,40,2.694574161755766,2.7276567375916567,-0.033082575835890804,-0.01212857005793939,-0.02883961604960783,-0.010572466409776517,0.0034122121909531122,256,3,0.2,64,0.001,128,2.0,1.0,0.0001,False,False
236,0.9084177535938341,2.5107959787610117,3.620748969399396,0.9085746315970311,49,50,2.3741472983874155,2.4628617658361662,-0.08871446744875078,-0.03602088784655412,-0.0855868963356019,-0.03477519152728629,0.0022971816796658606,256,2,0.1,64,0.001,512,1.0,1.0,0.01,False,False
281,0.9076261592384199,2.664788917494155,3.6363633364491807,0.9080106797892478,49,50,2.2256553153609864,2.2985535401062833,-0.07289822474529695,-0.03171482563853013,-0.06848507756632749,-0.029834386725500567,0.004772392918618196,256,2,0.2,64,0.001,512,1.0,1.0,0.0001,True,False
284,0.9097097221162977,2.6288580291851473,3.595118952254119,0.9074231152068376,49,50,2.212561770455356,2.2896767880353024,-0.07711501757994643,-0.033679433701258914,-0.07832062711722454,-0.03415368713695485,0.005943137368653373,256,2,0.2,64,0.001,512,1.0,1.0,0.01,False,False
282,0.9070758249078104,2.6494885280878577,3.6471794060130445,0.9067436571996697,49,50,2.218504182807009,2.297664128365653,-0.07915994555864403,-0.034452357322978765,-0.0803271714826459,-0.03491836240199936,0.004459404932266042,256,2,0.2,64,0.001,512,1.0,1.0,0.0001,False,False
283,0.9094356567357915,2.6544458224855365,3.6005710956681307,0.9065566849449973,49,50,2.2097041024936135,2.284605078606592,-0.07490097611297841,-0.0327850869344392,-0.06865576388185124,-0.03011851270760011,0.006631238050656352,256,2,0.2,64,0.001,512,1.0,1.0,0.01,True,False
325,0.9082284812347531,2.5479970875984144,3.6244885259797903,0.9063957545913751,49,50,2.6795246702163737,2.731442841145394,-0.0519181709290204,-0.01900759926107376,-0.05363910996383936,-0.01962604220907516,0.00440063282353409,256,3,0.1,64,0.001,256,2.0,1.0,0.0001,True,False
374,0.9068261978260899,2.682781167714591,3.652074925039584,0.9060738895145599,45,50,2.662849611003128,2.70575101293159,-0.0429014019284617,-0.015855635542007793,-0.03992975024077294,-0.014761972513162401,0.0021586475151154083,256,3,0.2,64,0.001,256,2.0,1.0,0.0001,False,False
240,0.8994823516193938,2.67446923640177,3.7932715130369394,0.9013973421600174,47,50,2.7344191510601,2.796028081635658,-0.06160893057555805,-0.022034446284787394,-0.05943739239297008,-0.021264788861731002,-0.00113274077241321,256,2,0.1,64,0.001,512,2.0,1.0,0.01,False,False
327,0.9021959656596664,2.667889231416998,3.741718872536769,0.9012159434791933,31,41,2.677824112440127,2.7289658284239144,-0.05114171598378725,-0.018740328461101914,-0.04926725148026545,-0.01804809999317394,0.002449585901257878,256,3,0.1,64,0.001,256,2.0,1.0,0.01,True,False
238,0.8978796197037717,2.6875097173537785,3.82339335858457,0.9004880195399639,41,50,2.732342676114121,2.7937201069678776,-0.061377430853756465,-0.021969785269710336,-0.05902886733228163,-0.021107904678722693,-0.0009334639024459745,256,2,0.1,64,0.001,512,2.0,1.0,0.0001,False,False
384,0.9031447811271265,2.7377029292467547,3.7235250777834983,0.9001058820255827,50,50,2.6882258758806055,2.740960475647987,-0.052734599767381596,-0.01923946012206348,-0.052734599767381596,-0.01923946012206348,0.008807506446002145,256,3,0.2,64,0.001,512,2.0,1.0,0.01,False,False
380,0.9010894340826754,2.6545606123442713,3.762825799343468,0.8992555297408101,50,50,2.4529233607451255,2.520962396031484,-0.06803903528635846,-0.026989309873668075,-0.06803903528635846,-0.026989309873668075,0.00780327519446633,256,3,0.2,64,0.001,512,1.0,1.0,0.01,False,False
287,0.9013088651511447,2.786849971222167,3.758649605801034,0.8987489715420938,49,50,2.577903694067956,2.632959564925327,-0.05505587085737096,-0.020910260678056555,-0.04846630409294006,-0.018446567509106997,0.006352188769635614,256,2,0.2,64,0.001,512,2.0,1.0,0.01,True,False
285,0.9037561135482273,2.7495152436555323,3.711755371805724,0.8982595339685,50,50,2.577106023398794,2.6296248281832106,-0.052518804784416506,-0.01997197631446969,-0.052518804784416506,-0.01997197631446969,0.005678761903017859,256,2,0.2,64,0.001,512,2.0,1.0,0.0001,True,False
28,0.9022073970690733,2.7927715791148846,3.7415001986828855,0.8973283212820394,50,50,2.543509663289713,2.5855148655444906,-0.04200520225477744,-0.01624635882568459,-0.04200520225477744,-0.01624635882568459,0.0031828770661417316,128,2,0.1,64,0.001,128,1.0,1.0,0.01,False,False
382,0.8979570144609585,2.7943788663979015,3.8219442517215505,0.8967864280072492,50,50,2.710958684998802,2.7612179052394232,-0.05025922024062135,-0.018201830484024552,-0.05025922024062135,-0.018201830484024552,0.006348788747727707,256,3,0.2,64,0.001,512,2.0,1.0,0.0001,False,False
27,0.897141049850763,2.865768311472783,3.8371945003883248,0.8958199998467594,44,50,2.5087461602227994,2.5491003079030183,-0.040354147680218944,-0.01583074136200459,-0.04063709621921996,-0.01592855754198029,0.0039239576971182855,128,2,0.1,64,0.001,128,1.0,1.0,0.01,True,False
379,0.9002763743763583,2.6790593896278443,3.778259643714745,0.8951141117315841,50,50,2.4784563998781652,2.5458672605551573,-0.06741086067699209,-0.026478544942791844,-0.06741086067699209,-0.026478544942791844,0.008392800887763507,256,3,0.2,64,0.001,512,1.0,1.0,0.01,True,False
288,0.8969042699306047,2.8049197110133908,3.8416085466514467,0.8950869643875122,49,50,2.530638166913799,2.588830669199916,-0.058192502286117165,-0.022478296081103553,-0.057596204960051356,-0.022237794811994307,0.0060465605728537986,256,2,0.2,64,0.001,512,2.0,1.0,0.01,False,False
26,0.8976620899291842,2.875750505384794,3.8274633564423426,0.8949343496061386,50,50,2.5524827247383106,2.5941394688111603,-0.041656744072849694,-0.01605802023124844,-0.041656744072849694,-0.01605802023124844,0.002467602049419537,128,2,0.1,64,0.001,128,1.0,1.0,0.0001,False,False
332,0.8957259067433029,2.662158960250605,3.8635005704927026,0.894919959072219,45,50,2.4762213513039746,2.5684810411327392,-0.09225968982876465,-0.0359199419233699,-0.09215829128133368,-0.03573457323572141,0.0028741491626086413,256,3,0.1,64,0.001,512,1.0,1.0,0.01,False,False
378,0.8983953873960611,2.680326797581928,3.8137259494541342,0.8946935854998078,49,50,2.453931723867157,2.5211185206287614,-0.06718679676160422,-0.026649598664979852,-0.06761256754447942,-0.026817402497798397,0.00682528008545924,256,3,0.2,64,0.001,512,1.0,1.0,0.0001,False,False
233,0.8958132253440361,2.6863265358518293,3.8618825937367487,0.8945134328997211,46,50,2.396216653795148,2.480485882166266,-0.08426922837111794,-0.03397287159623891,-0.07956638248400472,-0.03207883668118103,0.006085105853460893,256,2,0.1,64,0.001,512,1.0,1.0,0.0001,True,False
286,0.8949764339516272,2.823668853439639,3.8773602169928907,0.8939267243002861,49,50,2.519858502847246,2.582864842954186,-0.06300634010693962,-0.02439397488367037,-0.05742317894159177,-0.022252179412441845,0.004338862389803522,256,2,0.2,64,0.001,512,2.0,1.0,0.0001,False,False
25,0.8949275056313121,2.8815543797707375,3.878263303029399,0.8939025597286929,47,50,2.5064878004716578,2.5517794871077815,-0.04529168663612371,-0.017749059769838448,-0.04537628823562745,-0.017766445675933388,-0.00037855350095428175,128,2,0.1,64,0.001,128,1.0,1.0,0.0001,True,False
333,0.8923108645759537,2.7601896589399004,3.926256919911913,0.8936612010174849,44,50,2.6822201665840733,2.7495569365947916,-0.06733677001071836,-0.02449004387380029,-0.06190236715436459,-0.022462477340138443,0.006694936089080006,256,3,0.1,64,0.001,512,2.0,1.0,0.0001,True,False
235,0.8958973982668462,2.697044655014772,3.860322263125684,0.8935363907666508,46,50,2.4066655182071304,2.493720136863404,-0.08705461865627351,-0.03490953831161288,-0.08276410087795494,-0.03315163216751164,0.004888025279678354,256,2,0.1,64,0.001,512,1.0,1.0,0.01,True,False
73,0.8970402521163813,2.8557991907108127,3.839074190004204,0.8928411138315351,50,50,2.357201959878874,2.4043111783426143,-0.04710921846374028,-0.019593644486656882,-0.04710921846374028,-0.019593644486656882,0.004081491969827988,128,2,0.2,64,0.001,128,1.0,1.0,0.0001,True,False
383,0.8933352811729321,2.7785528945047684,3.907537604182954,0.8919428387741544,46,50,2.751308585651822,2.806121177939494,-0.05481259228767188,-0.019533223553774043,-0.05305441519088827,-0.018899459852947303,0.011807704742602176,256,3,0.2,64,0.001,512,2.0,1.0,0.01,True,False
377,0.8966003770116502,2.6854332801193,3.8472662911199857,0.8918874951469196,49,50,2.480289240626779,2.550100440472776,-0.06981119984599715,-0.027375862824075472,-0.06642536176035208,-0.026082654261902635,0.0033386179065219013,256,3,0.2,64,0.001,512,1.0,1.0,0.0001,True,False
329,0.8964305223947884,2.5680853530689802,3.8504249476839125,0.8918359347087915,48,50,2.501703875552027,2.588210389169568,-0.08650651361754091,-0.033423292781579746,-0.08507768065480503,-0.032816976198893406,0.0014690512701831526,256,3,0.1,64,0.001,512,1.0,1.0,0.0001,True,False
239,0.8921312718833264,2.8068198573521177,3.929529456690985,0.8908517648279061,49,50,2.734104166944845,2.7974120760254886,-0.06330790908064365,-0.022630884317404665,-0.060351908172778135,-0.021590016250742767,0.009073002489611737,256,2,0.1,64,0.001,512,2.0,1.0,0.01,True,False
330,0.8929783964457163,2.703613232305618,3.9140691732525204,0.8905514696467677,44,50,2.488562443222295,2.584364177016939,-0.0958017337946444,-0.03706974993950958,-0.08727592094088577,-0.033777023734691526,0.005135915116496914,256,3,0.1,64,0.001,512,1.0,1.0,0.0001,False,False
75,0.8914908057683799,2.9339138673250598,3.9411779011114576,0.890189051517066,48,50,2.3309256303305275,2.3754115322012193,-0.04448590187069179,-0.018727660983218392,-0.04174285123178656,-0.017581262315062074,0.004122062807878524,128,2,0.2,64,0.001,128,1.0,1.0,0.01,True,False
237,0.8905001895046577,2.8384463656455705,3.9591271851657135,0.890187878266823,46,50,2.7340062271771193,2.7982365232590296,-0.06423029608191033,-0.02295384809254904,-0.06241470133487237,-0.022290537214553693,0.0058587114526871265,256,2,0.1,64,0.001,512,2.0,1.0,0.0001,True,False
76,0.8972649043392052,2.880107350031897,3.8348835837738133,0.8900588466714205,48,50,2.3496503066872827,2.398322955562794,-0.04867264887551137,-0.020294451488535984,-0.04591435543388833,-0.019154618314433366,-0.0008128326556700038,128,2,0.2,64,0.001,128,1.0,1.0,0.01,False,False
74,0.8920873171242013,2.9416276509648007,3.930329984944342,0.8894503040726995,50,50,2.3464108749060006,2.3962934780702643,-0.04988260316426363,-0.020816566760609848,-0.04988260316426363,-0.020816566760609848,0.005354504000951832,128,2,0.2,64,0.001,128,1.0,1.0,0.0001,False,False
381,0.8915901322106203,2.775432856407957,3.939373663200063,0.889180289807357,49,50,2.746417898285897,2.805232963307226,-0.05881506502132927,-0.02096619631618378,-0.05817880966633915,-0.02074782527681891,0.006844278002377191,256,3,0.2,64,0.001,512,2.0,1.0,0.0001,True,False
336,0.8897195084870199,2.7994481860851352,3.9732154560495108,0.8887914323035851,50,50,2.7555384486050363,2.8213724281533588,-0.06583397954832249,-0.023334026692609335,-0.06583397954832249,-0.023334026692609335,0.006844506240957893,256,3,0.1,64,0.001,512,2.0,1.0,0.01,False,False
32,0.8913427328737145,2.965169428679491,3.943866072696901,0.8879824507830338,48,50,2.7403851199911373,2.7808366006073197,-0.04045148061618242,-0.014546514745723656,-0.036971474368344914,-0.013309834716861386,0.005046605558798989,128,2,0.1,64,0.001,128,2.0,1.0,0.01,False,False
79,0.8906233237717643,2.9765363286929554,3.9569005084674393,0.8876136261329318,50,50,2.653350959505115,2.6945892280920734,-0.04123826858695834,-0.015304102071304369,-0.04123826858695834,-0.015304102071304369,0.008514506702636093,128,2,0.2,64,0.001,128,2.0,1.0,0.01,True,False
31,0.8891210329082729,2.977292732525757,3.983981889089825,0.8874700238109785,48,50,2.7443132647162694,2.786893383582773,-0.04258011886650381,-0.015278703920766313,-0.04011219817908085,-0.014397275086486437,0.002187682611637931,128,2,0.1,64,0.001,128,2.0,1.0,0.01,True,False
29,0.8877970978028695,2.9995992201097055,4.00769640395139,0.8869670616857313,47,50,2.7620472680888035,2.8061123936501136,-0.04406512556131004,-0.01570326465220138,-0.039439214244525456,-0.014067528516824253,0.001396288771871368,128,2,0.1,64,0.001,128,2.0,1.0,0.0001,True,False
80,0.8877026691825376,3.011759189298155,4.0093824639610105,0.8865983308771216,48,50,2.6060154173898717,2.6447765778696106,-0.038761160479738876,-0.01465574098170565,-0.03954219251810365,-0.014935857717650073,0.007058500636488607,128,2,0.2,64,0.001,128,2.0,1.0,0.01,False,False
171,0.891775058019816,2.9259571134583755,3.9360123326851895,0.886557559078994,50,50,2.518225545004074,2.5577450160031967,-0.039519470999122674,-0.015450903335500149,-0.039519470999122674,-0.015450903335500149,0.004113261096904575,128,3,0.2,64,0.001,128,1.0,1.0,0.01,True,False
30,0.886450361081701,3.028057186027605,4.031676232970903,0.8863154538964224,48,50,2.730497792668397,2.7750563279131786,-0.044558535244781705,-0.01605680389136079,-0.044004755088195235,-0.015855545596689998,0.001838277726076143,128,2,0.1,64,0.001,128,2.0,1.0,0.0001,False,False
35,0.88962146930001,2.919823578274319,3.974981154919595,0.885976918967962,50,50,2.5481835305520977,2.599765513958231,-0.051581983406133514,-0.019841013787277373,-0.051581983406133514,-0.019841013787277373,0.006282050411355988,128,2,0.1,64,0.001,256,1.0,1.0,0.01,True,False
82,0.8911738792388956,2.9641818008868284,3.946929271429456,0.8854430721864756,50,50,2.4055729055583126,2.4531374761745797,-0.047564570616267066,-0.019389280494152825,-0.047564570616267066,-0.019389280494152825,0.006264998385407616,128,2,0.2,64,0.001,256,1.0,1.0,0.0001,False,False
84,0.8903492596354371,2.9686149326115565,3.9618547916237543,0.8851543506295753,49,50,2.401352050583579,2.448840032795119,-0.04748798221154038,-0.019392031155802913,-0.0475001839207283,-0.01939252815535639,0.00678227794277475,128,2,0.2,64,0.001,256,1.0,1.0,0.01,False,False
33,0.8881981642446237,2.9509323392097824,4.000527286941069,0.8845176381741771,49,50,2.546844631442107,2.598921304330544,-0.05207667288843698,-0.02003780291525657,-0.04994159289247868,-0.019233056584514217,0.003856805658592255,128,2,0.1,64,0.001,256,1.0,1.0,0.0001,True,False
292,0.8845547612183736,3.053663665871639,4.065189385001142,0.8837141264543386,50,50,2.633706560875987,2.680932178009811,-0.047225617133824116,-0.017615371817754088,-0.047225617133824116,-0.017615371817754088,0.008592802118434273,256,3,0.1,64,0.0001,128,1.0,1.0,0.01,False,False
77,0.8846692551720612,3.063460819544394,4.06317303911962,0.8836708105524748,44,50,2.6547660750588635,2.6955070620992143,-0.040740987040350785,-0.015114405602270026,-0.03841427107423545,-0.014238685217362967,0.005344449258905537,128,2,0.2,64,0.001,128,2.0,1.0,0.0001,True,False
335,0.8802908947839069,2.8113033055379515,4.1395807814748915,0.8834774770234692,40,50,2.6757323108037183,2.758514285196254,-0.08278197439253576,-0.030009623236968756,-0.08043258736957215,-0.029136615464042347,0.0027885675597209003,256,3,0.1,64,0.001,512,2.0,1.0,0.01,True,False
78,0.8839547449750491,3.061638478322518,4.075739921966721,0.8826897052524046,44,50,2.6201992550258684,2.66373867196477,-0.04353941693890162,-0.016345228380375245,-0.03944351370988919,-0.014773055504208057,0.004739252897855706,128,2,0.2,64,0.001,128,2.0,1.0,0.0001,False,False
290,0.8820604831779153,3.10249134417843,4.108870387141089,0.8825346841377634,49,50,2.626915992658878,2.6757145464299112,-0.04879855377103315,-0.01823757838299415,-0.046147371703494144,-0.01722727169918237,0.009005138134317248,256,3,0.1,64,0.0001,128,1.0,1.0,0.0001,False,False
175,0.8816018756677911,3.084062631256197,4.116851302232931,0.8811965185566657,48,50,2.7814988675552867,2.8205608388048664,-0.03906197124957966,-0.013849008577361897,-0.03604075220526415,-0.012788422432237833,0.00358320326415007,128,3,0.2,64,0.001,128,2.0,1.0,0.01,True,False
169,0.8857554846594367,3.0008533428674027,4.04399350592342,0.8806004993184384,48,50,2.5376932332223383,2.580115883574898,-0.04242265035255954,-0.016442149216096658,-0.039251375265666244,-0.01521116593722126,-0.0009509241269916036,128,3,0.2,64,0.001,128,1.0,1.0,0.0001,True,False
36,0.8825856671717258,3.0138258021274926,4.099711791806259,0.8800870764815077,46,50,2.5034497713969732,2.5645612471652526,-0.061111475768279355,-0.023829212827663662,-0.05663128684047125,-0.022189264483873164,0.0021395505386235802,128,2,0.1,64,0.001,256,1.0,1.0,0.01,False,False
88,0.8849257868103834,3.065076584821619,4.058651639808856,0.879984454389618,49,50,2.6973662612208145,2.743596825005505,-0.04623056378469048,-0.016850348915459806,-0.036715305567622813,-0.013420259887787854,0.004658193338237027,128,2,0.2,64,0.001,256,2.0,1.0,0.01,False,False
331,0.882957416812186,2.6795426793770543,4.09321652580511,0.8799577096449243,44,50,2.5205814333365186,2.6258986384276297,-0.10531720509111109,-0.04010710982895148,-0.09253884136276724,-0.035152560142677376,0.007747488251179879,256,3,0.1,64,0.001,512,1.0,1.0,0.01,True,False
194,0.8813275638763737,3.1382736021863997,4.121617625647829,0.8795831349201664,50,50,2.473874574098735,2.524489465430896,-0.050614891332160905,-0.02004955537555457,-0.050614891332160905,-0.02004955537555457,0.011845174354901955,256,2,0.1,64,0.0001,128,1.0,1.0,0.0001,False,False
193,0.881994449960479,3.0951128583519076,4.110020484970827,0.8793867100484088,50,50,2.5117307688972557,2.5567607527552894,-0.045029983858033695,-0.01761212260846354,-0.045029983858033695,-0.01761212260846354,0.011621373666091173,256,2,0.1,64,0.0001,128,1.0,1.0,0.0001,True,False
34,0.881508586547156,3.0240705932253116,4.118472872749297,0.8793216447080634,49,50,2.514754381769613,2.5793065001290656,-0.0645521183594524,-0.025026928112739717,-0.061147306475264784,-0.023799354535727867,0.0035612091242610555,128,2,0.1,64,0.001,256,1.0,1.0,0.0001,False,False
196,0.8811030951320546,3.1411788909333795,4.125513801057146,0.8791471883978351,50,50,2.4715283012961886,2.521557907295481,-0.050029605999292404,-0.01984075235969976,-0.050029605999292404,-0.01984075235969976,0.011786076367369058,256,2,0.1,64,0.0001,128,1.0,1.0,0.01,False,False
172,0.8817114633791792,3.0876062474511525,4.1149456100639155,0.8787565957939202,49,50,2.5678733693454285,2.6015996967924484,-0.033726327447019866,-0.012963688260189132,-0.030719675579494066,-0.011789777161898279,0.005848344064853794,128,3,0.2,64,0.001,128,1.0,1.0,0.01,False,False
173,0.8809272557653127,3.1164202570951347,4.12856333258313,0.878595686976893,49,50,2.7811654973868696,2.822288221818402,-0.04112272443153264,-0.014570703344053656,-0.040901020093661256,-0.014490225099590475,0.002817914710090297,128,3,0.2,64,0.001,128,2.0,1.0,0.0001,True,False
334,0.8816491971691451,2.8423186930485915,4.116028506029471,0.8783140629392052,44,50,2.685739011116545,2.769151004749531,-0.08341199363298601,-0.030121865326203333,-0.08035648305671339,-0.02897550604285044,0.002904343150591626,256,3,0.1,64,0.001,512,2.0,1.0,0.0001,False,False
86,0.8844469089399325,3.061337736471951,4.0670878504081305,0.8778934246800916,49,50,2.6908861694319555,2.737126486873687,-0.046240317441731627,-0.016893745197192826,-0.038260638202325836,-0.014009109565758892,0.006835183292970837,128,2,0.2,64,0.001,256,2.0,1.0,0.0001,False,False
127,0.8818720630798316,3.0911588060379342,4.1121512416676165,0.8777494313454792,46,50,2.7128066283693935,2.7538487837831367,-0.04104215541374323,-0.014903561755254048,-0.03241529024415524,-0.011762188778166493,0.0013887955883958858,128,3,0.1,64,0.001,128,2.0,1.0,0.01,True,False
294,0.8783095288703632,3.16359632004101,4.173698333677047,0.8776967478069654,50,50,2.7739708100794105,2.8197828037492543,-0.04581199366984379,-0.01624663914147253,-0.04581199366984379,-0.01624663914147253,0.022408299956179767,256,3,0.1,64,0.0001,128,2.0,1.0,0.0001,False,False
83,0.8785240015450111,3.1143066703449906,4.170018756324383,0.8772989171193415,49,50,2.381039582712651,2.4270515085294835,-0.046011925816832555,-0.018957951924436302,-0.04584027088323861,-0.018882408226331557,0.0028776197829551986,128,2,0.2,64,0.001,256,1.0,1.0,0.01,True,False
296,0.8773078116486523,3.1586952148454284,4.190841404958417,0.8771437948659437,50,50,2.772955001619374,2.81887001816065,-0.04591501654127583,-0.01628844758554564,-0.04591501654127583,-0.01628844758554564,0.02092977945142005,256,3,0.1,64,0.0001,128,2.0,1.0,0.01,False,False
195,0.8808353880647207,3.1118971467130625,4.130155672183444,0.8769429031925133,50,50,2.517485235833477,2.56607288236279,-0.04858764652931313,-0.018934632318227288,-0.04858764652931313,-0.018934632318227288,0.010770251033698552,256,2,0.1,64,0.0001,128,1.0,1.0,0.01,True,False
39,0.8787580384636156,3.083996117567523,4.165999818965299,0.8767332103531638,50,50,2.768555990544645,2.8176095600875812,-0.04905356954293616,-0.017409640511516222,-0.04905356954293616,-0.017409640511516222,0.007909443210556089,128,2,0.1,64,0.001,256,2.0,1.0,0.01,True,False
81,0.8792153304972595,3.1034827708671426,4.15813588200104,0.8766285880622853,50,50,2.3849990658277305,2.425395579201319,-0.040396513373588405,-0.016655639071829657,-0.040396513373588405,-0.016655639071829657,0.009686327764111713,128,2,0.2,64,0.001,256,1.0,1.0,0.0001,True,False
124,0.8840285076983678,3.042307132868273,4.074444369359,0.8764637669544744,49,50,2.556978747679002,2.602696657765924,-0.04571791008692205,-0.01756559295932893,-0.040785722926026224,-0.015676692410233214,0.00525113068815064,128,3,0.1,64,0.001,128,1.0,1.0,0.01,False,False
37,0.8769582365807846,3.1160239185398217,4.196807439314487,0.8763657421129618,50,50,2.7660804978856057,2.8165124755162827,-0.05043197763067697,-0.01790582433739531,-0.05043197763067697,-0.01790582433739531,0.00606888167663544,128,2,0.1,64,0.001,256,2.0,1.0,0.0001,True,False
38,0.8767902061155137,3.1233971391337714,4.19967212075405,0.8756328386549731,47,50,2.777302259995172,2.8312423634132893,-0.05394010341811706,-0.019051743543808786,-0.0482145141522583,-0.017058908959754093,0.004150007922771204,128,2,0.1,64,0.001,256,2.0,1.0,0.0001,False,False
121,0.8801879223212903,3.0771511569801624,4.141360809816295,0.8754949286829071,47,50,2.5454943934724974,2.597132103146063,-0.051637709673565624,-0.019882588802862106,-0.047902681821248905,-0.01846540544129389,-0.0017923993649039405,128,3,0.1,64,0.001,128,1.0,1.0,0.0001,True,False
291,0.8780115932966217,3.1325066716356806,4.17880445666801,0.8751525649483883,49,50,2.6495177834799493,2.700901851924219,-0.051384068444269904,-0.019024781817844307,-0.048882093710823415,-0.018082850353811093,0.0156406277931187,256,3,0.1,64,0.0001,128,1.0,1.0,0.01,True,False
40,0.8730100594206721,3.178521061803443,4.263609583247468,0.8745458711854127,44,50,2.777197288366201,2.8290099392481602,-0.05181265088195941,-0.018314764527030673,-0.05054655711113698,-0.0178659867555471,0.0030661815855876906,128,2,0.1,64,0.001,256,2.0,1.0,0.01,False,False
289,0.8777470522739256,3.1414260276099375,4.183333028531298,0.8744292092218009,50,50,2.6616941977562427,2.71237130536579,-0.050677107609547356,-0.01868369109689908,-0.050677107609547356,-0.01868369109689908,0.013656728271132623,256,3,0.1,64,0.0001,128,1.0,1.0,0.0001,True,False
128,0.873465142909529,3.2083249320137868,4.255963151729575,0.8735072287735206,37,47,2.7697577372057114,2.8103042377110543,-0.04054650050534292,-0.014427797517882748,-0.03309567102271416,-0.011765942995169993,0.00046069838643603145,128,3,0.1,64,0.001,128,2.0,1.0,0.01,False,False
125,0.8755328901310303,3.178538989921931,4.22104587702764,0.873393185895632,46,50,2.7025773807267046,2.741037046430355,-0.03845966570365045,-0.014031063809858522,-0.03800301993755628,-0.013830503690261271,0.0017232170518632905,128,3,0.1,64,0.001,128,2.0,1.0,0.0001,True,False
170,0.8767478021226517,3.1421848118128275,4.2003947400417045,0.873377745694055,50,50,2.5562192004961,2.592407247025605,-0.0361880465295048,-0.013959244470954596,-0.0361880465295048,-0.013959244470954596,0.004325774269289151,128,3,0.2,64,0.001,128,1.0,1.0,0.0001,False,False
177,0.8773499360164418,3.1181445602346987,4.190121914571939,0.8720148995834711,50,50,2.652485193778555,2.7023773833332956,-0.04989218955474062,-0.01846233241235915,-0.04989218955474062,-0.01846233241235915,0.008497237536050584,128,3,0.2,64,0.001,256,1.0,1.0,0.0001,True,False
122,0.8781977992293705,3.1143307407410896,4.175613926666373,0.8719041856299654,41,50,2.582364652797351,2.6256606745173223,-0.04329602171997138,-0.016489572373220133,-0.03805807284934781,-0.014481080229518151,-0.0005574211571327536,128,3,0.1,64,0.001,128,1.0,1.0,0.0001,False,False
131,0.8730638707015297,3.1165362173685223,4.262706147109898,0.871667490439548,50,50,2.6315492874678004,2.6879053521094454,-0.056356064641645,-0.020966536116093983,-0.056356064641645,-0.020966536116093983,0.00451985597313187,128,3,0.1,64,0.001,256,1.0,1.0,0.01,True,False
126,0.8754964141172483,3.1712916525840478,4.221664336189705,0.871383443711168,46,50,2.7774278144045006,2.8188542615864955,-0.04142644718199495,-0.01469620041962705,-0.03827290582270049,-0.013590654149185106,0.002565481930929203,128,3,0.1,64,0.001,128,2.0,1.0,0.0001,False,False
176,0.8704129179082283,3.2574839749710454,4.3069876375124005,0.8713346465660906,50,50,2.7931313904923436,2.828650050005783,-0.03551865951343958,-0.01255675282750758,-0.03551865951343958,-0.01255675282750758,0.0034925131917208363,128,3,0.2,64,0.001,128,2.0,1.0,0.01,False,False
123,0.8743313403518651,3.145346651753326,4.241370986445684,0.871195374509814,32,42,2.6329170146170147,2.678531119636379,-0.04561410501936436,-0.017029522145539475,-0.040398315869122126,-0.015040645652118809,0.0016360404283136676,128,3,0.1,64,0.001,128,1.0,1.0,0.01,True,False
179,0.8755405444537668,3.141695245614437,4.2209160847306775,0.8711093199936588,50,50,2.546374974634592,2.596154714197424,-0.049779739562832326,-0.019174411790870965,-0.049779739562832326,-0.019174411790870965,0.011777425915661888,128,3,0.2,64,0.001,256,1.0,1.0,0.01,True,False
87,0.8745593753546531,3.1823129489452167,4.237521099762727,0.8710847834104748,49,50,2.6620096677508873,2.702235259863314,-0.0402255921124266,-0.014886043680172139,-0.04304811775645323,-0.015910139560909524,0.009143542939012983,128,2,0.2,64,0.001,256,2.0,1.0,0.01,True,False
90,0.8695040563456944,3.2303666359913867,4.3220648191532565,0.8688452013082113,49,50,2.4634756082079616,2.5152457241222588,-0.05177011591429714,-0.020582528147369487,-0.04935423761961788,-0.019631188770370452,0.00870651324357996,128,2,0.2,64,0.001,512,1.0,1.0,0.0001,False,False
85,0.8734683822784295,3.2016483485406386,4.255908673765045,0.8685816205823451,49,50,2.6518418479024897,2.696564468977353,-0.044722621074863245,-0.016585036845725362,-0.04663443157258351,-0.017274763717794923,0.005717657490283634,128,2,0.2,64,0.001,256,2.0,1.0,0.0001,True,False
200,0.8693092464275696,3.281959276842703,4.3252896975210415,0.8677666914641893,48,50,2.7018481436124406,2.7514341284956054,-0.04958598488316479,-0.018021868802752982,-0.04442207498800377,-0.016159138470686268,0.012838819211981822,256,2,0.1,64,0.0001,128,2.0,1.0,0.01,False,False
198,0.8701810090975743,3.271700534858121,4.310839803517095,0.86772920897533,48,50,2.702099774694653,2.752138874288545,-0.05003909959389219,-0.018181894838728944,-0.04506830148569341,-0.01638991673616422,0.012659970619286143,256,2,0.1,64,0.0001,128,2.0,1.0,0.0001,False,False
89,0.8656796434396916,3.3059098992412843,4.384940328076969,0.8673327370219427,50,50,2.4213266541446687,2.4698487296778846,-0.04852207553321586,-0.019645768159875954,-0.04852207553321586,-0.019645768159875954,0.011412329841099744,128,2,0.2,64,0.001,512,1.0,1.0,0.0001,True,False
181,0.8692179501382914,3.238941990728016,4.326800186785393,0.8668981459865011,50,50,2.7904580563217736,2.8338840318239384,-0.04342597550216487,-0.015323836478310348,-0.04342597550216487,-0.015323836478310348,0.010362317672026222,128,3,0.2,64,0.001,256,2.0,1.0,0.0001,True,False
132,0.8711004353429648,3.2106748275023755,4.2955471952012045,0.866598220731415,45,50,2.5817414310346254,2.637386965974,-0.05564553493937474,-0.021098737370465682,-0.05446654125700423,-0.020609943668277255,0.00364936966549978,128,3,0.1,64,0.001,256,1.0,1.0,0.01,False,False
92,0.8678410210220217,3.254199060167157,4.349517745811951,0.8664598875881755,49,50,2.464172620277466,2.5181357178461683,-0.053963097568702434,-0.021429781241043902,-0.050181389917533625,-0.0199415443715254,0.009993282100549727,128,2,0.2,64,0.001,512,1.0,1.0,0.01,False,False
183,0.8729218475875665,3.1858388089362966,4.265090155348755,0.8663110340679432,50,50,2.790595840516927,2.8335053948330917,-0.04290955431616483,-0.015143628946114087,-0.04290955431616483,-0.015143628946114087,0.012745956177173001,128,3,0.2,64,0.001,256,2.0,1.0,0.01,True,False
133,0.869225178225109,3.2355700568027475,4.326680617931873,0.8658727487577348,50,50,2.7246553406250347,2.770231884664861,-0.04557654403982614,-0.016452248742108436,-0.04557654403982614,-0.016452248742108436,0.00424427171569397,128,3,0.1,64,0.001,256,2.0,1.0,0.0001,True,False
174,0.8644656431950739,3.2963320172074337,4.404711510389882,0.8656190179324357,48,50,2.796312782536676,2.8364942812265936,-0.04018149868991783,-0.014165901534108512,-0.03645074468392773,-0.012856475811655829,0.0028330568643929466,128,3,0.2,64,0.001,128,2.0,1.0,0.0001,False,False
178,0.8639266763179528,3.3147952251258155,4.413460724369074,0.8645632644490695,47,50,2.5661689307656212,2.609662227815853,-0.04349329705023175,-0.016666255343946678,-0.03706932439006261,-0.014228453801659536,0.0076284419548017235,128,3,0.2,64,0.001,256,1.0,1.0,0.0001,False,False
130,0.8683502244229787,3.235968313839326,4.341130397711086,0.8637230021459107,47,50,2.5523296896553367,2.6083282783066406,-0.055998588651303915,-0.021469149077990635,-0.054250158991825614,-0.020780351789391943,0.00415402296519396,128,3,0.1,64,0.001,256,1.0,1.0,0.0001,False,False
48,0.8641018323271683,3.250827839445845,4.410619267000046,0.8636460673597863,50,50,2.7354396901241556,2.7960456417382797,-0.06060595161412419,-0.021675594528723766,-0.06060595161412419,-0.021675594528723766,0.0033712166880108807,128,2,0.1,64,0.001,512,2.0,1.0,0.01,False,False
129,0.8648033036156814,3.197620144395492,4.399221300129842,0.8632389539898803,50,50,2.5840251162800882,2.6426958986288636,-0.05867078234877532,-0.02220111000256067,-0.05867078234877532,-0.02220111000256067,0.005272059129822759,128,3,0.1,64,0.001,256,1.0,1.0,0.0001,True,False
136,0.863117339705554,3.3202784536849683,4.426566451653718,0.8624254124674293,50,50,2.7706637975633384,2.8143236612706874,-0.04365986370734909,-0.01551344797621335,-0.04365986370734909,-0.01551344797621335,0.00633728273569556,128,3,0.1,64,0.001,256,2.0,1.0,0.01,False,False
180,0.8649949153807872,3.280966800078755,4.396102727470508,0.8623606513730249,50,50,2.5540773260305136,2.599480637125778,-0.04540331109526452,-0.017466300939816402,-0.04540331109526452,-0.017466300939816402,0.007973480593929771,128,3,0.2,64,0.001,256,1.0,1.0,0.01,False,False
91,0.864120828333271,3.2980044706151377,4.410310995446377,0.8621108288060119,50,50,2.417283936125979,2.466157193170859,-0.04887325704487999,-0.019817575773440968,-0.04887325704487999,-0.019817575773440968,0.012390823740252022,128,2,0.2,64,0.001,512,1.0,1.0,0.01,True,False
46,0.8624304272574282,3.270992083848842,4.437659377612905,0.8618742085077896,50,50,2.736572261748564,2.797763485149835,-0.061191223401271255,-0.021871478316900735,-0.061191223401271255,-0.021871478316900735,0.002359429744815289,128,2,0.1,64,0.001,512,2.0,1.0,0.0001,False,False
293,0.864152594439007,3.3466299408820874,4.409795439630241,0.8615729782492356,49,50,2.818204646781712,2.8675039009144796,-0.0492992541327677,-0.017192393048548464,-0.04444797509839793,-0.01551921653090387,0.010941430590421075,256,3,0.1,64,0.0001,128,2.0,1.0,0.0001,True,False
96,0.8634977367917601,3.332131154936841,4.4204114556074,0.8614638904354168,49,50,2.6884240203977825,2.7371680795724256,-0.048744059174643084,-0.017808208249402577,-0.04380280307810347,-0.016037481468790995,0.008789634005738622,128,2,0.2,64,0.001,512,2.0,1.0,0.01,False,False
94,0.862951276049745,3.3432969227310716,4.429250754366203,0.8602761916920433,48,50,2.688286757789114,2.7376353193337515,-0.049348561544637626,-0.018025980741893485,-0.04828585276327946,-0.017650738123796292,0.007527071060495882,128,2,0.2,64,0.001,512,2.0,1.0,0.0001,False,False
295,0.8656513565101447,3.352124961426235,4.385402022684125,0.859931604376161,50,50,2.7843844009086656,2.831838696077022,-0.04745429516835653,-0.016757414620435656,-0.04745429516835653,-0.016757414620435656,0.011609569347772908,256,3,0.1,64,0.0001,128,2.0,1.0,0.01,True,False
135,0.8647956910325585,3.2347099189412107,4.399345152884034,0.859253766560345,50,50,2.7323739897784667,2.7880674761681274,-0.05569348638966076,-0.01997565943640824,-0.05569348638966076,-0.01997565943640824,0.004616307918529183,128,3,0.1,64,0.001,256,2.0,1.0,0.01,True,False
45,0.86027959291299,3.309941986187788,4.4722151745052825,0.8588494929598133,50,50,2.738082913261749,2.7986429726356095,-0.060560059373860664,-0.021639080070591676,-0.060560059373860664,-0.021639080070591676,0.008477848536331822,128,2,0.1,64,0.001,512,2.0,1.0,0.0001,True,False
197,0.8627412539230102,3.3892654472532984,4.432643287034112,0.8587196980670284,49,50,2.7025765597874094,2.7491735357797196,-0.04659697599231016,-0.016949448765552134,-0.03977381439391303,-0.014489063563726973,0.012719801209502224,256,2,0.1,64,0.0001,128,2.0,1.0,0.0001,True,False
184,0.8598591476025754,3.348602694673925,4.47893899352051,0.8585471261642271,50,50,2.7334714201037893,2.7773758135790847,-0.0439043934752954,-0.01580786916219224,-0.0439043934752954,-0.01580786916219224,0.01032441660171124,128,3,0.2,64,0.001,256,2.0,1.0,0.01,False,False
199,0.8620192234983397,3.3923053401414194,4.444286644890682,0.8582882658722081,49,50,2.703236266079237,2.750800488398224,-0.04756422231898716,-0.0172910476494366,-0.04046254697518137,-0.014732483467932907,0.01130949945767834,256,2,0.1,64,0.0001,128,2.0,1.0,0.01,True,False
47,0.8589333633787611,3.328059535521418,4.493708796249955,0.8560208677760055,48,50,2.7374918332871316,2.8016685686692577,-0.0641767353821261,-0.022906612188110777,-0.05696964775337365,-0.020367216351763744,0.006387259420179037,128,2,0.1,64,0.001,512,2.0,1.0,0.01,True,False
182,0.858407631806831,3.3842961373839793,4.502074656500328,0.85540299308203,50,50,2.802925773860205,2.8447120739696286,-0.041786300109423635,-0.014689114055438766,-0.041786300109423635,-0.014689114055438766,0.009007509205023356,128,3,0.2,64,0.001,256,2.0,1.0,0.0001,False,False
42,0.8551207658214667,3.3071723360972216,4.554029510312663,0.855073726585099,36,46,2.467383475875022,2.548855933925061,-0.081472458050039,-0.03196432445068682,-0.06709297808595815,-0.026217855185989545,0.0015562979848045,128,2,0.1,64,0.001,512,1.0,1.0,0.0001,False,False
340,0.8598655446180279,3.38861280430826,4.4788367671945055,0.8546015517649168,50,50,2.441323965849273,2.4875554988631845,-0.04623153301391136,-0.018585126255490268,-0.04623153301391136,-0.018585126255490268,0.010930309085264156,256,3,0.2,64,0.0001,128,1.0,1.0,0.01,False,False
139,0.8551529293548509,3.2981753491182526,4.553523979581165,0.8544042083549857,49,50,2.6606076607783278,2.732919201544279,-0.07231154076595114,-0.026459450658142536,-0.07450467868310051,-0.027238651122093425,0.0061315609660641535,128,3,0.1,64,0.001,512,1.0,1.0,0.01,True,False
338,0.8572776942161364,3.401139885171813,4.520002722767405,0.8529266136587943,49,50,2.4460449554819244,2.4943617612999107,-0.048316805817986364,-0.019370408321528535,-0.046285541445956646,-0.01852021869753307,0.008333603858986405,256,3,0.2,64,0.0001,128,1.0,1.0,0.0001,False,False
134,0.8539363471553976,3.4471404443204454,4.572606701157852,0.8527956573373957,32,42,2.786128963736071,2.8362689500235883,-0.050139986287517146,-0.01767814941777653,-0.041139345515151415,-0.014455696689768356,0.005021585443806598,128,3,0.1,64,0.001,256,2.0,1.0,0.0001,False,False
137,0.8547434877224476,3.326585961057531,4.5599551991000835,0.8521791936076842,48,50,2.6118054131914628,2.687682237558918,-0.07587682436745524,-0.028231322627026854,-0.06510570515705982,-0.024169332531675167,0.0021812644038279316,128,3,0.1,64,0.001,512,1.0,1.0,0.0001,True,False
44,0.852382937260764,3.27841745997263,4.596857588997328,0.8520876282728902,50,50,2.4572938001666476,2.5420029777420927,-0.08470917757544516,-0.03332379163878368,-0.08470917757544516,-0.03332379163878368,0.005370789700315015,128,2,0.1,64,0.001,512,1.0,1.0,0.01,False,False
93,0.8559879506419215,3.435670976693319,4.540379822800735,0.8516490620921023,50,50,2.6623528685318454,2.7103693625693084,-0.048016494037463,-0.017715848880443925,-0.048016494037463,-0.017715848880443925,0.01103708849905738,128,2,0.2,64,0.001,512,2.0,1.0,0.0001,True,False
337,0.8525169444580218,3.4388175823058633,4.594770594925894,0.8514361237920066,50,50,2.498891124197394,2.536464058929068,-0.03757293473167378,-0.01481311536798894,-0.03757293473167378,-0.01481311536798894,0.017378604679944232,256,3,0.2,64,0.0001,128,1.0,1.0,0.0001,True,False
185,0.8563075887103948,3.3661252693727226,4.535338284872228,0.8511316642162091,50,50,2.6325589219521874,2.685339535196335,-0.052780613244147734,-0.019655098564766316,-0.052780613244147734,-0.019655098564766316,0.010075738421594926,128,3,0.2,64,0.001,512,1.0,1.0,0.0001,True,False
242,0.8566080483264921,3.4338626933100267,4.530594126587682,0.8506090278406572,50,50,2.3695169815506967,2.4218789900547075,-0.05236200850401085,-0.02162040660125139,-0.05236200850401085,-0.02162040660125139,0.01597570434634199,256,2,0.2,64,0.0001,128,1.0,1.0,0.0001,False,False
244,0.857047243812137,3.4303910772854365,4.523650422790108,0.849669405252244,50,50,2.369799512166412,2.4228479781296937,-0.05304846596328172,-0.021895086461112694,-0.05304846596328172,-0.021895086461112694,0.015523888369185723,256,2,0.2,64,0.0001,128,1.0,1.0,0.01,False,False
140,0.8519662802368508,3.3899738910411408,4.603340455383602,0.8491945277639574,49,50,2.562809398764403,2.639853020334936,-0.07704362157053302,-0.029184814827591412,-0.07868409542788823,-0.02977274788943603,0.004152209799415552,128,3,0.1,64,0.001,512,1.0,1.0,0.01,False,False
41,0.8540816635137246,3.2890823697714535,4.570331529025937,0.848976587002908,48,50,2.4821471379495392,2.5731096366003348,-0.09096249865079553,-0.03535119427362518,-0.08723719152656839,-0.03394168823465364,0.004522746103176156,128,2,0.1,64,0.001,512,1.0,1.0,0.0001,True,False
95,0.8550433218608906,3.449398041205622,4.555246506542833,0.8485833367147315,50,50,2.6729276535373954,2.71812893428004,-0.045201280742644734,-0.01662955725631071,-0.045201280742644734,-0.01662955725631071,0.008362868882074048,128,2,0.2,64,0.001,512,2.0,1.0,0.01,True,False
339,0.84883500454742,3.488829920789818,4.651771647826123,0.8484854155614828,47,50,2.5004695773290826,2.5443104137320076,-0.04384083640292502,-0.017230930693955326,-0.0386068761905789,-0.015131323518281396,0.014836419112740029,256,3,0.2,64,0.0001,128,1.0,1.0,0.01,True,False
187,0.8514977828029247,3.4273726618514577,4.610619031994104,0.8484118191597826,45,50,2.624147485565988,2.6844749832193444,-0.06032749765335632,-0.02247273602118238,-0.048103511201900595,-0.01795185118000347,0.008574035031299054,128,3,0.2,64,0.001,512,1.0,1.0,0.01,True,False
43,0.8501887324702353,3.3312586640052975,4.630895799425957,0.8463677711755173,46,50,2.472691542471732,2.5678670035698548,-0.09517546109812258,-0.03706401498434671,-0.0849447305907125,-0.03315221703357444,0.004573917915385306,128,2,0.1,64,0.001,512,1.0,1.0,0.01,True,False
342,0.8498717504671742,3.506818638551806,4.635792410315042,0.8460929471282941,50,50,2.7548381514785434,2.801116673092581,-0.04627852161403778,-0.016521454482273972,-0.04627852161403778,-0.016521454482273972,0.012094737433788194,256,3,0.2,64,0.0001,128,2.0,1.0,0.0001,False,False
298,0.8460397725512769,3.531309704340982,4.6945832155836476,0.8456081977538205,49,50,2.6911692871218933,2.7559790051206616,-0.06480971799876833,-0.023516041986659058,-0.06019151010103352,-0.021869202306854775,0.00836157428024209,256,3,0.1,64,0.0001,256,1.0,1.0,0.0001,False,False
344,0.8453193382299542,3.5617950701044294,4.70555420336104,0.8454403064217745,49,50,2.760677492394647,2.808390501998148,-0.047713009603501,-0.016989449853769822,-0.042403659421130335,-0.015123767899797434,0.010002647471914816,256,3,0.2,64,0.0001,128,2.0,1.0,0.01,False,False
300,0.8469711056255314,3.512870066787372,4.680362488409976,0.8449144988526458,49,50,2.6880781978838684,2.754226064792347,-0.06614786690847874,-0.024016861852429645,-0.059441806945644604,-0.021619693113237592,0.008509288478274368,256,3,0.1,64,0.0001,256,1.0,1.0,0.01,False,False
138,0.8447303074634931,3.487752559405745,4.714505168773443,0.8435236076198351,37,47,2.5962668312488124,2.677304449058684,-0.08103761780987151,-0.03026836108921554,-0.06652816442364129,-0.02470004840768647,0.0015792934054026375,128,3,0.1,64,0.001,512,1.0,1.0,0.0001,False,False
202,0.845046192073618,3.53469210530225,4.70970707259954,0.8424143921473757,49,50,2.5244427759931507,2.5842665235354767,-0.059823747542326,-0.023149217388182732,-0.0533243716287064,-0.02065646438868933,0.013725464935821385,256,2,0.1,64,0.0001,256,1.0,1.0,0.0001,False,False
204,0.8445236432807793,3.5411234931489073,4.7176416320205785,0.8417815410273616,49,50,2.5250436854852945,2.5851067102404297,-0.06006302475513525,-0.023234253548298996,-0.05286477181708671,-0.02047550089042985,0.01368550423652204,256,2,0.1,64,0.0001,256,1.0,1.0,0.01,False,False
246,0.8470412447913775,3.582177025024814,4.679289768299517,0.8414826424189211,49,50,2.6736068273056435,2.7196747892058903,-0.04606796190024687,-0.01693877594596452,-0.039439701864573795,-0.01452100933037517,0.013200901384227248,256,2,0.2,64,0.0001,128,2.0,1.0,0.0001,False,False
248,0.8474302452999016,3.5750573671882653,4.673335859774151,0.8410690455283002,49,50,2.6724113543397148,2.7183239113088327,-0.04591255696911789,-0.01689002431907082,-0.03899980165246042,-0.014366432838659161,0.014304071104299432,256,2,0.2,64,0.0001,128,2.0,1.0,0.01,False,False
297,0.8426861239514429,3.6113413966758254,4.745437802715371,0.8409297812149307,50,50,2.6737658185649833,2.73486277865006,-0.06109696008507681,-0.022340045929190835,-0.06109696008507681,-0.022340045929190835,0.012501599813420139,256,3,0.1,64,0.0001,256,1.0,1.0,0.0001,True,False
299,0.8426034776352689,3.6143548390905953,4.746684169106705,0.8407303605907177,50,50,2.672869848745905,2.732727373810756,-0.05985752506485076,-0.0219039504776432,-0.05985752506485076,-0.0219039504776432,0.010758143785185914,256,3,0.1,64,0.0001,256,1.0,1.0,0.01,True,False
191,0.8445503879451954,3.5477856192102135,4.717235855954841,0.8399510271609192,50,50,2.735894940701501,2.783307275985419,-0.04741233528391797,-0.017034531434238363,-0.04741233528391797,-0.017034531434238363,0.01140138402332913,128,3,0.2,64,0.001,512,2.0,1.0,0.01,True,False
142,0.8398625036789812,3.5628899194981227,4.7878362306289555,0.8393336463646424,48,50,2.7713557254665107,2.839945073449071,-0.06858934798256033,-0.024151645968018526,-0.06395219937034113,-0.022554606210849367,0.0048745912516132694,128,3,0.1,64,0.001,512,2.0,1.0,0.0001,False,False
241,0.8438025955456372,3.5849490299541613,4.7285684059676845,0.8391436402753161,50,50,2.396141978379952,2.441669243363911,-0.04552726498395909,-0.018645959155891133,-0.04552726498395909,-0.018645959155891133,0.02037304319946842,256,2,0.2,64,0.0001,128,1.0,1.0,0.0001,True,False
189,0.8397670399496158,3.6064980312297874,4.789263118818103,0.8376442479794481,49,50,2.7477067227319325,2.7946325820489246,-0.04692585931699211,-0.016791423537539863,-0.04324533889986393,-0.01545462247779694,0.012215328782569146,128,3,0.2,64,0.001,512,2.0,1.0,0.0001,True,False
243,0.843560492926701,3.597853944659076,4.732231576744997,0.8375323614508796,50,50,2.3956283825439844,2.443054060106416,-0.047425677562431545,-0.019412455228422474,-0.047425677562431545,-0.019412455228422474,0.01894763266265198,256,2,0.2,64,0.0001,128,1.0,1.0,0.01,True,False
141,0.8390673129522631,3.5119788692961813,4.7997089287007535,0.8373744389849587,50,50,2.753520148979321,2.825886591780981,-0.07236644280165994,-0.02560840304495442,-0.07236644280165994,-0.02560840304495442,0.0018121524596509397,128,3,0.1,64,0.001,512,2.0,1.0,0.0001,True,False
192,0.8382345401414188,3.5894721463499772,4.812111348723213,0.8367773444910634,50,50,2.7732341513183307,2.8270084521068477,-0.05377430078851697,-0.019021627172158363,-0.05377430078851697,-0.019021627172158363,0.008025677904634265,128,3,0.2,64,0.001,512,2.0,1.0,0.01,False,False
143,0.8372754018506994,3.4981208348519193,4.826356228159787,0.8358822986748798,50,50,2.7473287152834014,2.8225524565772484,-0.07522374129384701,-0.02665096307370905,-0.07522374129384701,-0.02665096307370905,0.003303398690392645,128,3,0.1,64,0.001,512,2.0,1.0,0.01,True,False
341,0.8398745444666414,3.648602848184573,4.787656227805014,0.835122855400346,50,50,2.754352132957548,2.7917386060442815,-0.037386473086733485,-0.013391824365572597,-0.037386473086733485,-0.013391824365572597,0.017218747709869198,256,3,0.2,64,0.0001,128,2.0,1.0,0.0001,True,False
302,0.834912560034445,3.693933199960459,4.861270484126112,0.8344793091530223,49,50,2.7950274271644506,2.856043537655616,-0.06101611049116551,-0.021363858669063075,-0.05954063000777321,-0.0208476483225088,0.014607866971637629,256,3,0.1,64,0.0001,256,2.0,1.0,0.0001,False,False
188,0.8355006803134944,3.5989313600565636,4.852603675218225,0.8342346339288589,49,50,2.544905001509194,2.613991622110293,-0.06908662060109894,-0.026429549359199875,-0.06245653478564117,-0.023944893349857627,0.004271652122832426,128,3,0.2,64,0.001,512,1.0,1.0,0.01,False,False
304,0.8352189118649319,3.6732582363593744,4.856757873548824,0.833794165588636,49,50,2.7939266588891623,2.857289381209785,-0.06336272232062257,-0.022175815560478724,-0.0601067876903012,-0.021049802121322618,0.011535306277097868,256,3,0.1,64,0.0001,256,2.0,1.0,0.01,False,False
206,0.8339349983752972,3.68337438445391,4.875642193425673,0.832998508542149,50,50,2.7446518793662027,2.7955862620996816,-0.050934382733478945,-0.018219571123240404,-0.050934382733478945,-0.018219571123240404,0.02022702899013673,256,2,0.1,64,0.0001,256,2.0,1.0,0.0001,False,False
190,0.8374786142416024,3.586489700580422,4.823341681521068,0.8328770018445952,50,50,2.7737716873566596,2.8307663488585337,-0.056994661501874155,-0.020134004180477998,-0.056994661501874155,-0.020134004180477998,0.006999807452707119,128,3,0.2,64,0.001,512,2.0,1.0,0.0001,False,False
343,0.8409197719392555,3.6340583897854044,4.772004803603481,0.8326654401873597,50,50,2.7555104850632928,2.796165537026677,-0.04065505196338437,-0.014539572648697765,-0.04065505196338437,-0.014539572648697765,0.012318643450135669,256,3,0.2,64,0.0001,128,2.0,1.0,0.01,True,False
208,0.8332712459698883,3.6918240055825735,4.885376309291075,0.8323656520209297,50,50,2.74541069128636,2.7962588098488688,-0.050848118562508926,-0.018184339154663994,-0.050848118562508926,-0.018184339154663994,0.02061056167377273,256,2,0.1,64,0.0001,256,2.0,1.0,0.01,False,False
186,0.8307727246612874,3.642085995511224,4.921845204949656,0.8322638637401947,47,50,2.5534847341455342,2.620412824515181,-0.06692809036964675,-0.025541048243812325,-0.05813672738713871,-0.022213967877363634,0.006585453719902268,128,3,0.2,64,0.001,512,1.0,1.0,0.0001,False,False
201,0.8321477648724438,3.687856987958446,4.901808426475552,0.8291321164383177,49,50,2.570861669362896,2.6220898137722197,-0.05122814440932366,-0.019537143289392236,-0.04980517871498824,-0.018979431218804955,0.021586489683599996,256,2,0.1,64,0.0001,256,1.0,1.0,0.0001,True,False
203,0.8321006584127384,3.6935106232263797,4.9024962059461625,0.8290458351351533,49,50,2.5712139749559157,2.6225977003152234,-0.051383725359307686,-0.019592682992565582,-0.04922100768778881,-0.01875640575647109,0.021597942713844298,256,2,0.1,64,0.0001,256,1.0,1.0,0.01,True,False
144,0.8337356335135182,3.5519347148033336,4.8785679759832,0.8275449312354872,45,50,2.764722945781246,2.858824954110805,-0.09410200832955873,-0.032916323958291374,-0.07416185462049274,-0.02607070169357311,-0.004614163365168844,128,3,0.1,64,0.001,512,2.0,1.0,0.01,False,False
303,0.8293921236030377,3.762955777449743,4.9418812832474845,0.8229453004102572,50,50,2.8402301249540995,2.894777387900955,-0.0545472629468553,-0.01884333599358682,-0.0545472629468553,-0.01884333599358682,0.024362934777213185,256,3,0.1,64,0.0001,256,2.0,1.0,0.01,True,False
301,0.8258534024744418,3.793957436981616,4.992870093142955,0.8214516049521847,50,50,2.8285501743215375,2.88419238892923,-0.05564221460769225,-0.019292130033097304,-0.05564221460769225,-0.019292130033097304,0.02231309356968303,256,3,0.1,64,0.0001,256,2.0,1.0,0.0001,True,False
348,0.817807403601359,3.8689885196539584,5.106909152253353,0.8192853557054358,49,50,2.5587645087880033,2.6060458523771906,-0.04728134358918723,-0.018142943857284013,-0.044166337480253226,-0.01695280932718533,0.0142771503270811,256,3,0.2,64,0.0001,256,1.0,1.0,0.01,False,False
346,0.8177896799971327,3.869866767432514,5.107157544990679,0.8185081544460837,50,50,2.5597564766042584,2.6064874670647797,-0.046730990460521316,-0.017928722486107353,-0.046730990460521316,-0.017928722486107353,0.017164560787404692,256,3,0.2,64,0.0001,256,1.0,1.0,0.0001,False,False
247,0.8156238842750609,3.913190866985611,5.1374203348817655,0.8126318140845511,50,50,2.68428961959708,2.719503753174071,-0.0352141335769911,-0.01294873505355192,-0.0352141335769911,-0.01294873505355192,0.026865649388389534,256,2,0.2,64,0.0001,128,2.0,1.0,0.01,True,False
245,0.8151380883193352,3.9152158484641126,5.144183944759642,0.8121867785058272,50,50,2.6848829370840153,2.722797549010811,-0.03791461192679568,-0.013924873680222761,-0.03791461192679568,-0.013924873680222761,0.022740220583977733,256,2,0.2,64,0.0001,128,2.0,1.0,0.0001,True,False
205,0.8067959565463633,4.02140100338656,5.258972203493039,0.8077068955508865,50,50,2.767170064660853,2.80636389246663,-0.03919382780577729,-0.013966053337198622,-0.03919382780577729,-0.013966053337198622,0.03028364912248127,256,2,0.1,64,0.0001,256,2.0,1.0,0.0001,True,False
207,0.8069004150438804,4.025370118552225,5.257550342444444,0.8070504158716585,50,50,2.7671433516343886,2.8074371772932225,-0.04029382565883388,-0.014352529767979702,-0.04029382565883388,-0.014352529767979702,0.029820528504922228,256,2,0.1,64,0.0001,256,2.0,1.0,0.01,True,False
250,0.8097879624926759,3.974093106467179,5.218092440600128,0.8064258935044546,50,50,2.4642422112128717,2.5075387316410156,-0.043296520428143914,-0.017266541043539235,-0.043296520428143914,-0.017266541043539235,0.022871913140962707,256,2,0.2,64,0.0001,256,1.0,1.0,0.0001,False,False
252,0.8074223974101735,4.005052334691371,5.250439489007823,0.8042570730500669,50,50,2.4659120195813107,2.51099992258152,-0.04508790300020937,-0.017956154675566535,-0.04508790300020937,-0.017956154675566535,0.021373257648955146,256,2,0.2,64,0.0001,256,1.0,1.0,0.01,False,False
352,0.8045555125427604,4.001903246401892,5.289376513681674,0.8024481919254591,50,50,2.778689113331437,2.831688584773807,-0.05299947144236983,-0.018716560757193357,-0.05299947144236983,-0.018716560757193357,0.01829570863768548,256,3,0.2,64,0.0001,256,2.0,1.0,0.01,False,False
350,0.8044463197604023,4.003949017183048,5.290853866916572,0.8012834082273829,50,50,2.7777498456109018,2.831251866168306,-0.05350202055740416,-0.01889694844768844,-0.05350202055740416,-0.01889694844768844,0.016038730446474747,256,3,0.2,64,0.0001,256,2.0,1.0,0.0001,False,False
345,0.799577978343756,4.040318960739585,5.35630734620482,0.7991310207461979,48,50,2.61449560153544,2.659833560041087,-0.04533795850564726,-0.017045411858382188,-0.041275781116165255,-0.015452588367715611,0.016860550810308794,256,3,0.2,64,0.0001,256,1.0,1.0,0.0001,True,False
100,0.7984190079843014,4.087521698187395,5.371771846732741,0.7988663368557589,50,50,2.784462203065531,2.8245292766157237,-0.04006707355019268,-0.014185398566022295,-0.04006707355019268,-0.014185398566022295,0.01467624257711908,128,3,0.1,64,0.0001,128,1.0,1.0,0.01,False,False
347,0.799500009715111,4.026065015315458,5.357349106303285,0.7976647384510667,48,50,2.607569428961232,2.6564140009534,-0.04884457199216774,-0.01838740948309909,-0.04400230207538813,-0.016501772239609375,0.018363307085204728,256,3,0.2,64,0.0001,256,1.0,1.0,0.01,True,False
98,0.7975276887103421,4.100681507868374,5.383634777697133,0.7966798826752061,48,50,2.7873791693103076,2.830085473762439,-0.042706304452131416,-0.015090111181467532,-0.040040740714538,-0.01415121578889851,0.011569882373164142,128,3,0.1,64,0.0001,128,1.0,1.0,0.0001,False,False
308,0.797461002592847,4.03258053410955,5.384521279517557,0.7950414646574295,50,50,2.7281890273582126,2.8058442232878127,-0.07765519592960013,-0.027676232089109302,-0.07765519592960013,-0.027676232089109302,0.025508769742350834,256,3,0.1,64,0.0001,512,1.0,1.0,0.01,False,False
104,0.7992919188905646,4.098851058173468,5.360128473239775,0.7944780414152033,49,50,2.8623963419014853,2.9044224462755914,-0.042026104374106144,-0.014469694113539577,-0.039443602219709994,-0.013586267539952039,0.014924047979137156,128,3,0.1,64,0.0001,128,2.0,1.0,0.01,False,False
102,0.8002827380807296,4.083390275945775,5.3468816501766145,0.7936810718203279,49,50,2.8632894756092018,2.9037407190349493,-0.040451243425747574,-0.013930735330663902,-0.03765847561596303,-0.012972236510825606,0.015400236296298941,128,3,0.1,64,0.0001,128,2.0,1.0,0.0001,False,False
99,0.7978936545619502,4.115821395745743,5.378767155136122,0.7936428516964354,49,50,2.785259666381935,2.8209144660027397,-0.035654799620804756,-0.012639447260989773,-0.032198834715725155,-0.011417065179380653,0.010010858265689149,128,3,0.1,64,0.0001,128,1.0,1.0,0.01,True,False
254,0.7945220641355737,4.122381886964413,5.423446581157054,0.7933417946360324,50,50,2.7412573631273847,2.776866444731551,-0.03560908160416654,-0.012823476502345428,-0.03560908160416654,-0.012823476502345428,0.024553710930778072,256,2,0.2,64,0.0001,256,2.0,1.0,0.0001,False,False
306,0.7970926858372994,4.043084506328751,5.389414926263412,0.7931909450270196,50,50,2.7286497258286153,2.80871984308477,-0.08007011725615465,-0.028507690951552853,-0.08007011725615465,-0.028507690951552853,0.024238816167961752,256,3,0.1,64,0.0001,512,1.0,1.0,0.0001,False,False
256,0.7935075816407375,4.137643240892489,5.436818375118737,0.792411232053233,50,50,2.741326457072345,2.777604501299734,-0.03627804422738912,-0.013060910655355508,-0.03627804422738912,-0.013060910655355508,0.024421770690316258,256,2,0.2,64,0.0001,256,2.0,1.0,0.01,False,False
97,0.7974685754868238,4.132398751424521,5.3844206154714955,0.7920785945092672,50,50,2.78470495154219,2.8190883031843352,-0.03438335164214523,-0.012196621015137092,-0.03438335164214523,-0.012196621015137092,0.011053313740830517,128,3,0.1,64,0.0001,128,1.0,1.0,0.0001,True,False
2,0.78790063946877,4.20042073690595,5.510137663699436,0.788155004289665,48,50,2.655076935496689,2.686091384281827,-0.031014448785137816,-0.011546311851720586,-0.025915910170988266,-0.009641773959841676,0.016176014846116082,128,2,0.1,64,0.0001,128,1.0,1.0,0.0001,False,False
4,0.7872412340075357,4.207673734308442,5.518696376977006,0.7876113365600079,48,50,2.6550917227732076,2.6874140544740492,-0.032322331700841644,-0.012027298751017141,-0.025891273680111127,-0.009632282534549619,0.014778065534782114,128,2,0.1,64,0.0001,128,1.0,1.0,0.01,False,False
249,0.7917550283303951,4.170187276852992,5.459841453052721,0.7868548332727533,50,50,2.4737222253183875,2.5123791919501213,-0.03865696663173379,-0.015386597196631,-0.03865696663173379,-0.015386597196631,0.02286132142718733,256,2,0.2,64,0.0001,256,1.0,1.0,0.0001,True,False
1,0.789681161579568,4.16751720179922,5.486960793032751,0.7859692531411258,48,50,2.648080589378591,2.6747994688565164,-0.026718879477925395,-0.00998911499311303,-0.02098949183261034,-0.007847325514814655,0.016704514288037764,128,2,0.1,64,0.0001,128,1.0,1.0,0.0001,True,False
3,0.7908783348668267,4.16555635154442,5.4713221146280855,0.785957043590311,49,50,2.6459233828979607,2.6720927557414615,-0.02616937284350085,-0.00979358698805322,-0.02161915578512863,-0.008093733632838211,0.017366383740699876,128,2,0.1,64,0.0001,128,1.0,1.0,0.01,True,False
251,0.7897305176710379,4.190831240586019,5.486316935281088,0.784516439185327,50,50,2.4741696413802674,2.5147406643298473,-0.04057102294957993,-0.016133283055806347,-0.04057102294957993,-0.016133283055806347,0.02194085078276664,256,2,0.2,64,0.0001,256,1.0,1.0,0.01,True,False
307,0.7886978773462339,4.142607936193116,5.499772176943857,0.7820608245921218,50,50,2.773875084318799,2.8489283850329947,-0.0750533007141958,-0.026344397110328408,-0.0750533007141958,-0.026344397110328408,0.01876903901840532,256,3,0.1,64,0.0001,512,1.0,1.0,0.01,True,False
305,0.7894901131712515,4.147183362407778,5.489452336788805,0.7815129867812872,50,50,2.774319069425505,2.849135735536322,-0.07481666611081694,-0.02625942498198789,-0.07481666611081694,-0.02625942498198789,0.02009900313685986,256,3,0.1,64,0.0001,512,1.0,1.0,0.0001,True,False
351,0.7816961846214677,4.287410366095041,5.59014963095228,0.7796894201135911,49,50,2.8201681493583335,2.855884249502425,-0.035716100144091545,-0.01250614416544168,-0.032600944970917034,-0.011413826893125026,0.018899368633631286,256,3,0.2,64,0.0001,256,2.0,1.0,0.01,True,False
349,0.782201670686208,4.281709578394253,5.583673838503729,0.778478139530574,50,50,2.8218885011929005,2.8572892825889866,-0.035400781396086156,-0.012389638533207792,-0.035400781396086156,-0.012389638533207792,0.020902236224396797,256,3,0.2,64,0.0001,256,2.0,1.0,0.0001,True,False
312,0.7739945942550726,4.224130377349855,5.687903023168179,0.7754719160274864,50,50,2.8414314648735837,2.918134118771538,-0.0767026538979545,-0.026284828173094528,-0.0767026538979545,-0.026284828173094528,0.030290616584081387,256,3,0.1,64,0.0001,512,2.0,1.0,0.01,False,False
310,0.7735724858673108,4.233377830377717,5.693212169584466,0.7734859887532799,50,50,2.8412244981563846,2.9204670865809415,-0.07924258842455689,-0.02713353243687058,-0.07924258842455689,-0.02713353243687058,0.02829916470888172,256,3,0.1,64,0.0001,512,2.0,1.0,0.0001,False,False
6,0.7708300043408496,4.411607209628159,5.727586383788685,0.7728793390651535,48,50,2.84105735085263,2.8694299125845255,-0.02837256173189573,-0.009887874106093871,-0.02345573835218806,-0.00817038703548963,0.01797753504063937,128,2,0.1,64,0.0001,128,2.0,1.0,0.0001,False,False
8,0.770338239770332,4.417129134373344,5.733728362924007,0.7717542017906341,48,50,2.841145815952411,2.86919162246825,-0.0280458065158391,-0.009774811238195524,-0.02375838567443944,-0.008274557302507753,0.016885573440194257,128,2,0.1,64,0.0001,128,2.0,1.0,0.01,False,False
253,0.7713997417107573,4.37272868718711,5.720462303947892,0.7692225258258782,50,50,2.7537880565205874,2.777558809810965,-0.023770753290377478,-0.00855814581005947,-0.023770753290377478,-0.00855814581005947,0.028514670808704734,256,2,0.2,64,0.0001,256,2.0,1.0,0.0001,True,False
146,0.7738755039010082,4.350489186847037,5.68940140585723,0.7684236042023369,50,50,2.7382116971727815,2.764575449884226,-0.026363752711444643,-0.009536275348371735,-0.026363752711444643,-0.009536275348371735,0.01656889292468744,128,3,0.2,64,0.0001,128,1.0,1.0,0.0001,False,False
255,0.7692290260852794,4.391924774955399,5.747557981746352,0.7683199068829916,50,50,2.7553259139757227,2.779941024707382,-0.02461511073165923,-0.008854544219782587,-0.02461511073165923,-0.008854544219782587,0.028371972061620787,256,2,0.2,64,0.0001,256,2.0,1.0,0.01,True,False
101,0.7719266133948108,4.403643397988094,5.71386631789846,0.7678979007113528,49,50,2.9105080684012847,2.941747259470099,-0.031239191068814343,-0.010619264101716713,-0.028451689375959877,-0.009670221201408591,0.014609078228782102,128,3,0.1,64,0.0001,128,2.0,1.0,0.0001,True,False
103,0.7707185090509588,4.4059838334214145,5.728979500825774,0.7672171851797888,49,50,2.917272944037073,2.9507460567929638,-0.03347311275589071,-0.011343948991758094,-0.030301755613772574,-0.010271203309388188,0.011370057352650953,128,3,0.1,64,0.0001,128,2.0,1.0,0.01,True,False
148,0.7731161662367494,4.343697140479327,5.698946050692259,0.7671834725286074,50,50,2.7399512228630694,2.7671796256065972,-0.02722840274352789,-0.009839766992921219,-0.02722840274352789,-0.009839766992921219,0.01589916874896058,128,3,0.2,64,0.0001,128,1.0,1.0,0.01,False,False
210,0.7703385353306541,4.313405122031231,5.733724673447914,0.7650484691595153,49,50,2.643348201118155,2.704545450230633,-0.06119724911247815,-0.02262755432978931,-0.0618620484122645,-0.022824053183706124,0.024551000945676527,256,2,0.1,64,0.0001,512,1.0,1.0,0.0001,False,False
5,0.7678452807378149,4.406044606042741,5.764763936948214,0.7645483197683496,49,50,2.8024932439521733,2.825261816354196,-0.02276857240202279,-0.008058924758840244,-0.019293818792476713,-0.00682982756952466,0.013280268351835378,128,2,0.1,64,0.0001,128,2.0,1.0,0.0001,True,False
212,0.7698896313674658,4.317547970188732,5.739325602640587,0.7644382488729263,49,50,2.6442874604777087,2.705375801003102,-0.06108834052539347,-0.022580352978223237,-0.06177446836796063,-0.022785580043404467,0.024438131276014463,256,2,0.1,64,0.0001,512,1.0,1.0,0.01,False,False
7,0.7666129684710032,4.4186471869826836,5.780043805075776,0.7627105484068221,49,50,2.8043086631446164,2.8267284321355315,-0.022419768990915134,-0.007931348740840127,-0.019637983001738135,-0.006947565112394946,0.012737967320027743,128,2,0.1,64,0.0001,128,2.0,1.0,0.01,True,False
150,0.756920122442837,4.522979544858023,5.898848932276254,0.7595430462530883,50,50,2.86538951538897,2.884413777323226,-0.019024261934255993,-0.006595538436205487,-0.019024261934255993,-0.006595538436205487,0.012712778933287927,128,3,0.2,64,0.0001,128,2.0,1.0,0.0001,False,False
50,0.7654266350786391,4.412513622615564,5.794715501271001,0.7585851480799519,50,50,2.576982997677508,2.5917232314447443,-0.014740233767236433,-0.005687425874953305,-0.014740233767236433,-0.005687425874953305,0.016646446409095184,128,2,0.2,64,0.0001,128,1.0,1.0,0.0001,False,False
152,0.7560192155206938,4.5333965988041065,5.909770031529455,0.7584866496248,50,50,2.8675763567048747,2.8875995928153992,-0.02002323611052459,-0.006934214896117922,-0.02002323611052459,-0.006934214896117922,0.011728033472712562,128,3,0.2,64,0.0001,128,2.0,1.0,0.01,False,False
52,0.7633084690290419,4.43243244764565,5.820819457105387,0.7580011923200745,49,50,2.5780329924081724,2.594734700830678,-0.0167017084225054,-0.006436769206947639,-0.011575277333990108,-0.004458551865995729,0.01591170533508779,128,2,0.2,64,0.0001,128,1.0,1.0,0.01,False,False
147,0.7580796740676183,4.489106017427973,5.884762623288737,0.7577483156690746,49,50,2.689301240359654,2.714275616431218,-0.024974376071563942,-0.009201120151681846,-0.021175502034151972,-0.007804415766753421,0.013107737896848048,128,3,0.2,64,0.0001,128,1.0,1.0,0.01,True,False
49,0.7594186230305546,4.4746298023725535,5.868454920493811,0.7575560605283467,49,50,2.6086591999358455,2.6239192993207396,-0.015260099384894144,-0.005815765518720245,-0.014414039958762004,-0.005485010649507474,0.014430148527917797,128,2,0.2,64,0.0001,128,1.0,1.0,0.0001,True,False
145,0.7596291765751455,4.47554045523618,5.865886362467751,0.757008882586493,49,50,2.6909966191191343,2.7180037126995207,-0.027007093580386332,-0.009936371114652707,-0.020865772253519932,-0.007684151221585045,0.012938339076838279,128,3,0.2,64,0.0001,128,1.0,1.0,0.0001,True,False
209,0.7563355572865086,4.500837771254178,5.90593752996975,0.7565993284074278,49,50,2.701639924779234,2.748708085954946,-0.047068161175711776,-0.017123739481909928,-0.04289869270389213,-0.015605038075372992,0.029412667681059212,256,2,0.1,64,0.0001,512,1.0,1.0,0.0001,True,False
51,0.7593047499711928,4.4675111950184485,5.86984359792766,0.7564148345898751,49,50,2.610943521244905,2.6257851545777764,-0.014841633332871584,-0.005652264926167619,-0.01272011533428552,-0.004838608997089714,0.0155824306469583,128,2,0.2,64,0.0001,128,1.0,1.0,0.01,True,False
211,0.7559864523835982,4.503970816439854,5.910166817092728,0.7563751886843231,49,50,2.701843825747508,2.7488797470811255,-0.04703592133361756,-0.01711094178767269,-0.04265733531719906,-0.015516561351159452,0.029197639728632985,256,2,0.1,64,0.0001,512,1.0,1.0,0.01,True,False
360,0.7517145230746941,4.566530276059508,5.961676802823292,0.7512415305145629,50,50,2.8725044932222774,2.9079286466180823,-0.03542415339580485,-0.012181919744489981,-0.03542415339580485,-0.012181919744489981,0.03254605057707671,256,3,0.2,64,0.0001,512,2.0,1.0,0.01,False,False
358,0.7516750994664545,4.571240853222236,5.962150091645154,0.7508415178768342,50,50,2.871813197543881,2.9080592750224046,-0.036246077478523375,-0.012464009172661765,-0.036246077478523375,-0.012464009172661765,0.032316355735736435,256,3,0.2,64,0.0001,512,2.0,1.0,0.0001,False,False
54,0.7552675806991397,4.533064692520179,5.918866184508649,0.7498447761687144,50,50,2.7922512220170925,2.806208258482327,-0.013957036465234385,-0.004973628177112816,-0.013957036465234385,-0.004973628177112816,0.01690223008505798,128,2,0.2,64,0.0001,128,2.0,1.0,0.0001,False,False
107,0.7544619479701844,4.534583097388431,5.928600314716752,0.74915400858657,50,50,2.8364831514376325,2.8692542727051573,-0.032771121267524794,-0.01142147685524849,-0.032771121267524794,-0.01142147685524849,0.017214385050812853,128,3,0.1,64,0.0001,256,1.0,1.0,0.01,True,False
105,0.7554755976474226,4.521745547911581,5.916350199450537,0.7490496235137942,50,50,2.836135309754012,2.868540175607584,-0.03240486585357205,-0.011296640057240402,-0.03240486585357205,-0.011296640057240402,0.015978699097620286,128,3,0.1,64,0.0001,256,1.0,1.0,0.0001,True,False
56,0.7530868714844376,4.554636397759224,5.945177983535636,0.7488199038017077,50,50,2.795881830024654,2.810000520945849,-0.01411869092119522,-0.005024444236203506,-0.01411869092119522,-0.005024444236203506,0.01588184405574322,128,2,0.2,64,0.0001,128,2.0,1.0,0.01,False,False
354,0.748013559532291,4.551458887539108,6.005945066456011,0.7467846194679018,50,50,2.6877233492484995,2.740248559593076,-0.05252521034457658,-0.019168045964551666,-0.05252521034457658,-0.019168045964551666,0.023616329662396796,256,3,0.2,64,0.0001,512,1.0,1.0,0.0001,False,False
356,0.7483242477693346,4.54596692678097,6.002241390967222,0.7466087167915991,50,50,2.687710968099863,2.7407005817423227,-0.05298961364245969,-0.01933433151926908,-0.05298961364245969,-0.01933433151926908,0.022940633626314266,256,3,0.2,64,0.0001,512,1.0,1.0,0.01,False,False
151,0.7451928053986059,4.624390423269428,6.039467003875109,0.7435896858677673,49,50,2.8737949593065855,2.891739950951767,-0.017944991645181485,-0.0062056035292091865,-0.015549015783312026,-0.005379918856618794,0.011623555886043246,128,3,0.2,64,0.0001,128,2.0,1.0,0.01,True,False
311,0.7457983111690605,4.640197020933745,6.032286854918146,0.7430065108077728,50,50,2.9298117519226397,2.9868740390806745,-0.05706228715803485,-0.019104350036668424,-0.05706228715803485,-0.019104350036668424,0.024739648459113472,256,3,0.1,64,0.0001,512,2.0,1.0,0.01,True,False
106,0.7492127879045133,4.589426797136465,5.991636579228758,0.7429779776896439,50,50,2.8344219942798636,2.87799455236648,-0.0435725580866162,-0.015139902905927297,-0.0435725580866162,-0.015139902905927297,0.018589690641363954,128,3,0.1,64,0.0001,256,1.0,1.0,0.0001,False,False
55,0.7408060605806346,4.656296877014037,6.091232700077008,0.7429701137790283,48,50,2.7830986460650045,2.7986752664914984,-0.015576620426493992,-0.005565711968441877,-0.008013197202359823,-0.0028633506508532604,0.01520265743514293,128,2,0.2,64,0.0001,128,2.0,1.0,0.01,True,False
149,0.7443854074476308,4.635828205397746,6.049027951711392,0.7427953640013911,49,50,2.8752240788522747,2.893219170417569,-0.01799509156529444,-0.006219747107059735,-0.01634165524074227,-0.00564959151471937,0.011236155148904747,128,3,0.2,64,0.0001,128,2.0,1.0,0.0001,True,False
108,0.7463977910111526,4.5978085166120675,6.025169732815796,0.7427463842250176,49,50,2.8337642254077817,2.8793489368439524,-0.04558471143617071,-0.015831603753498527,-0.04317758895187085,-0.014996528677498112,0.016104782736435563,128,3,0.1,64,0.0001,256,1.0,1.0,0.01,False,False
214,0.7457684970701687,4.59501982756375,6.0326405935668115,0.7427189899333551,49,50,2.8492224505010126,2.909245414057133,-0.060022963556120246,-0.020631797945300977,-0.05179608084816678,-0.017827073041056685,0.026378454155865594,256,2,0.1,64,0.0001,512,2.0,1.0,0.0001,False,False
216,0.7452729371916174,4.600386198061806,6.038517283096978,0.7422271122253568,49,50,2.8500178421204336,2.9097300448496908,-0.05971220272925715,-0.0205215610413583,-0.05151123621771081,-0.017725839579300826,0.026585355123654564,256,2,0.1,64,0.0001,512,2.0,1.0,0.01,False,False
53,0.7406788598987055,4.658994464919902,6.092727167729262,0.7422082959266052,48,50,2.78076935901527,2.794584695791832,-0.013815336776562326,-0.004943609974450181,-0.007277367584261896,-0.002603135616428412,0.016296310114795154,128,2,0.2,64,0.0001,128,2.0,1.0,0.0001,True,False
353,0.7444092222778576,4.595734819395613,6.048746160426019,0.7398835537923908,50,50,2.7352156097986264,2.776358558088238,-0.041142948289611514,-0.014819032710941335,-0.041142948289611514,-0.014819032710941335,0.024751857968406843,256,3,0.2,64,0.0001,512,1.0,1.0,0.0001,True,False
355,0.7436571505804217,4.59805187975171,6.057638792117785,0.7389599063099646,50,50,2.7342717034845725,2.7758950174176653,-0.04162331393309282,-0.014994556232106278,-0.04162331393309282,-0.014994556232106278,0.023692765864960608,256,3,0.2,64,0.0001,512,1.0,1.0,0.01,True,False
309,0.7424160326461522,4.658216228038394,6.072285516183436,0.7388365303649929,50,50,2.930660089846847,2.9915549073828847,-0.06089481753603776,-0.020355574081476795,-0.06089481753603776,-0.020355574081476795,0.02548402854706744,256,3,0.1,64,0.0001,512,2.0,1.0,0.0001,True,False
110,0.7364732860323598,4.667343072579633,6.141933260902456,0.7343290243490492,50,50,2.912089792783162,2.959336034529892,-0.047246241746729645,-0.015965149342776475,-0.047246241746729645,-0.015965149342776475,0.021630154212042285,128,3,0.1,64,0.0001,256,2.0,1.0,0.0001,False,False
9,0.7335999703041374,4.719475084261719,6.175326211831858,0.7336975010622918,50,50,2.7062852878070527,2.7282158125584544,-0.02193052475140167,-0.008038412742295397,-0.02193052475140167,-0.008038412742295397,0.021786039166050153,128,2,0.1,64,0.0001,256,1.0,1.0,0.0001,True,False
11,0.7336133586987871,4.722508978177288,6.1751710340278,0.7336316690534861,50,50,2.7069128463822287,2.7281254650073437,-0.02121261862511492,-0.007775528983986014,-0.02121261862511492,-0.007775528983986014,0.021215829562506228,128,2,0.1,64,0.0001,256,1.0,1.0,0.01,True,False
112,0.7361285404315808,4.650070766186645,6.145949385863106,0.7331776563635244,50,50,2.911548164695361,2.9606217551921845,-0.04907359049682336,-0.01657543399820009,-0.04907359049682336,-0.01657543399820009,0.022536152849125912,128,3,0.1,64,0.0001,256,2.0,1.0,0.01,False,False
10,0.7374812221769227,4.658445432470148,6.130176184541022,0.7309840250506743,50,50,2.7541716832090075,2.787014778077824,-0.032843094868816536,-0.01178432749160666,-0.032843094868816536,-0.01178432749160666,0.015667947156603246,128,2,0.1,64,0.0001,256,1.0,1.0,0.0001,False,False
12,0.7371106211922849,4.664049519095456,6.13450168101575,0.7308628777376087,50,50,2.7543749602006415,2.7863512255852743,-0.03197626538463272,-0.011476035429781862,-0.03197626538463272,-0.011476035429781862,0.016091039886168557,128,2,0.1,64,0.0001,256,1.0,1.0,0.01,False,False
258,0.7332084880841235,4.681777455386607,6.1798619525232015,0.728393982944586,49,50,2.586010865359531,2.6359089636784283,-0.049898098318897244,-0.018930129608597756,-0.0468068297322648,-0.017740364540601128,0.02028180191840434,256,2,0.2,64,0.0001,512,1.0,1.0,0.0001,False,False
260,0.7327166598496102,4.686030132862713,6.185555595228333,0.7281647016491055,49,50,2.587452380571162,2.6373837068232873,-0.04993132625212526,-0.01893214329145426,-0.046331031401194434,-0.017552979424313945,0.020017837507008474,256,2,0.2,64,0.0001,512,1.0,1.0,0.01,False,False
109,0.7342998112344836,4.741950780221145,6.167209493301606,0.7254221738798267,50,50,2.9432520902797017,2.9713388230103313,-0.02808673273062956,-0.009452551325726713,-0.02808673273062956,-0.009452551325726713,0.016051353670370805,128,3,0.1,64,0.0001,256,2.0,1.0,0.0001,True,False
111,0.7335566735464412,4.751915405603153,6.175828014966435,0.7253412145448859,50,50,2.9409494623708357,2.9704399353641504,-0.029490472993314754,-0.009927981590275609,-0.029490472993314754,-0.009927981590275609,0.015054849653061586,128,3,0.1,64,0.0001,256,2.0,1.0,0.01,True,False
156,0.7322586067173295,4.72269301475358,6.190853531614723,0.7252886390607794,50,50,2.743709101462828,2.770466843441136,-0.026757741978308047,-0.00965820689810994,-0.026757741978308047,-0.00965820689810994,0.01571418973713401,128,3,0.2,64,0.0001,256,1.0,1.0,0.01,False,False
154,0.7321636785003378,4.722810961849534,6.191950923762579,0.7250256868613345,50,50,2.744055698513739,2.7708164767056744,-0.02676077819193523,-0.009658083967997803,-0.02676077819193523,-0.009658083967997803,0.01531065836934975,128,3,0.2,64,0.0001,256,1.0,1.0,0.0001,False,False
58,0.7295695465957389,4.774224231329594,6.221864773041337,0.7228374369027208,50,50,2.6782955581633177,2.6905448054725665,-0.012249247309248812,-0.0045527014767915595,-0.012249247309248812,-0.0045527014767915595,0.015673097195953667,128,2,0.2,64,0.0001,256,1.0,1.0,0.0001,False,False
60,0.7291917511595825,4.777222459208773,6.2262092758623195,0.722439057049354,50,50,2.6777670073860915,2.689182860061686,-0.011415852675594529,-0.004245100935729103,-0.011415852675594529,-0.004245100935729103,0.015795722695841508,128,2,0.2,64,0.0001,256,1.0,1.0,0.01,False,False
14,0.7231966322482815,4.835313359126771,6.294749536892202,0.7224213715077308,49,50,2.9248300051077067,2.9463989080131223,-0.021568902905415577,-0.007320428624500263,-0.020320211177125014,-0.006893869794511301,0.01999486082162394,128,2,0.1,64,0.0001,256,2.0,1.0,0.0001,False,False
16,0.7219817394461331,4.848873727118101,6.308548272706671,0.7214590606923654,49,50,2.9286512255688493,2.9491023479843115,-0.02045112241546221,-0.006934694019500677,-0.020056881546919314,-0.006796360819740828,0.020597956502356407,128,2,0.1,64,0.0001,256,2.0,1.0,0.01,False,False
357,0.719708420057962,4.883283096008455,6.334287854507096,0.7197858712859787,50,50,2.905319709294521,2.927728984476465,-0.02240927518194402,-0.007654149445103518,-0.02240927518194402,-0.007654149445103518,0.031499201985676684,256,3,0.2,64,0.0001,512,2.0,1.0,0.0001,True,False
153,0.7268764631802609,4.80306694811892,6.252768265730809,0.718832956446583,50,50,2.77072004614443,2.7885303894205067,-0.01781034327607678,-0.006386999884831093,-0.01781034327607678,-0.006386999884831093,0.016337310707569497,128,3,0.2,64,0.0001,256,1.0,1.0,0.0001,True,False
155,0.7267003547955367,4.809129155070079,6.254783814231783,0.7183630907371061,50,50,2.77487196476021,2.793790183640088,-0.01891821887987799,-0.006771524572839985,-0.01891821887987799,-0.006771524572839985,0.01611202004812351,128,3,0.2,64,0.0001,256,1.0,1.0,0.01,True,False
359,0.7186287024159177,4.887627045144005,6.3464763558569715,0.7183417748528851,50,50,2.9054221159996545,2.929340397255859,-0.023918281256204654,-0.008165074048277479,-0.023918281256204654,-0.008165074048277479,0.030801187722091505,256,3,0.2,64,0.0001,512,2.0,1.0,0.01,True,False
262,0.7204720263623245,4.833573740068769,6.325653629813556,0.7174132370402369,49,50,2.8287983910576933,2.8617865948161807,-0.03298820375848743,-0.011527136166701606,-0.025301352129920573,-0.008853634200707883,0.023568849412267667,256,2,0.2,64,0.0001,512,2.0,1.0,0.0001,False,False
264,0.7199206025596465,4.83872801764966,6.331889852578486,0.7169160393233356,49,50,2.829665565098691,2.8631063771861425,-0.03344081208745164,-0.011679905557793921,-0.025260729608928667,-0.008836851654031511,0.023182254874493324,256,2,0.2,64,0.0001,512,2.0,1.0,0.01,False,False
57,0.7233229817863218,4.817247553071431,6.293312723671267,0.7151382687154411,49,50,2.6691363918039532,2.6887744830071143,-0.019638091203161068,-0.007303733104904324,-0.015261405775620407,-0.005672777920869498,0.014524190904354639,128,2,0.2,64,0.0001,256,1.0,1.0,0.0001,True,False
257,0.7206474479235364,4.846322304119495,6.323668443553755,0.7150382617658468,50,50,2.6144702518463068,2.652253252319246,-0.03778300047293914,-0.014245623203553447,-0.03778300047293914,-0.014245623203553447,0.021632034331974026,256,2,0.2,64,0.0001,512,1.0,1.0,0.0001,True,False
259,0.720425828762088,4.850793980430679,6.326176328741686,0.7149009886855862,50,50,2.6152378227586364,2.6526300309458537,-0.037392208187217335,-0.014096277185659516,-0.037392208187217335,-0.014096277185659516,0.02216823807966839,256,2,0.2,64,0.0001,512,1.0,1.0,0.01,True,False
59,0.7220021876246672,4.828756827236086,6.308316272310094,0.7140912506463308,49,50,2.670670395855975,2.690835823242715,-0.02016542738674021,-0.007494112874727131,-0.016053978926418466,-0.005962243005003321,0.014209399166614567,128,2,0.2,64,0.0001,256,1.0,1.0,0.01,True,False
13,0.7126994511198017,4.920848140095944,6.412996421167897,0.7140387297838344,50,50,2.8925403313179925,2.912996362598286,-0.02045603128029372,-0.007022333272688225,-0.02045603128029372,-0.007022333272688225,0.02149428291478528,128,2,0.1,64,0.0001,256,2.0,1.0,0.0001,True,False
15,0.7122707398991238,4.931316528794505,6.417779389144815,0.7135743368880478,50,50,2.893718894588665,2.9136867790350562,-0.019967884446391082,-0.006853133490554524,-0.019967884446391082,-0.006853133490554524,0.021475393410291366,128,2,0.1,64,0.0001,256,2.0,1.0,0.01,True,False
62,0.7164851541757393,4.891267364995912,6.370604913110423,0.7120201389813412,49,50,2.8929234384574074,2.9080583754482583,-0.015134936990850889,-0.00520448183524443,-0.012725650931536325,-0.004377044274380739,0.015570652847449296,128,2,0.2,64,0.0001,256,2.0,1.0,0.0001,False,False
64,0.7164646803078663,4.889963746514274,6.370834933813957,0.7112810576740408,49,50,2.893459253677862,2.908407383167044,-0.014948129489182005,-0.005139627129162552,-0.012453239998474253,-0.004282997803485011,0.015638070664219406,128,2,0.2,64,0.0001,256,2.0,1.0,0.01,False,False
158,0.7169549909750301,4.895031961187004,6.365324086120518,0.7108056292071038,50,50,2.9109951991292475,2.93452031712204,-0.023525117992792666,-0.008016682609260091,-0.023525117992792666,-0.008016682609260091,0.01651055420641867,128,3,0.2,64,0.0001,256,2.0,1.0,0.0001,False,False
160,0.71721344764096,4.892674488116641,6.362417240705526,0.7104729737185548,50,50,2.9156833172279146,2.939347574147609,-0.023664256919694537,-0.008050853573027004,-0.023664256919694537,-0.008050853573027004,0.01584014906962128,128,3,0.2,64,0.0001,256,2.0,1.0,0.01,False,False
213,0.7087119338233256,4.987487830800385,6.45734686684325,0.706560726445139,49,50,2.8961622158252354,2.9299595906518636,-0.03379737482662826,-0.011535099301184883,-0.027308928174466285,-0.009325696102692748,0.028884761732467346,256,2,0.1,64,0.0001,512,2.0,1.0,0.0001,True,False
215,0.7085191740895427,4.990591707774733,6.459483086539464,0.7064955267564637,49,50,2.8969539523165446,2.930035009498508,-0.0330810571819633,-0.011290328298031262,-0.02712250871956501,-0.009260549737875096,0.029046664438848624,256,2,0.1,64,0.0001,512,2.0,1.0,0.01,True,False
61,0.7060368758680083,4.9998031714994715,6.486929780686935,0.7049254040653536,50,50,2.8849382258536918,2.8999595415725103,-0.015021315718818595,-0.0051798363058104075,-0.015021315718818595,-0.0051798363058104075,0.020260496437701225,128,2,0.2,64,0.0001,256,2.0,1.0,0.0001,True,False
63,0.7050710272869278,5.005497366632866,6.497577806641272,0.7033314439631169,50,50,2.884971918870299,2.901046775098051,-0.016074856227751955,-0.00554105378987164,-0.016074856227751955,-0.00554105378987164,0.01870244593278836,128,2,0.2,64,0.0001,256,2.0,1.0,0.01,True,False
159,0.708226651002639,4.99386078409593,6.462723564001394,0.7032192142568415,50,50,2.950040585238805,2.963117979659697,-0.013077394420891952,-0.004413389716731374,-0.013077394420891952,-0.004413389716731374,0.019570595839580096,128,3,0.2,64,0.0001,256,2.0,1.0,0.01,True,False
157,0.7080164630839803,5.0009877021999705,6.465050955911339,0.702881728873094,50,50,2.951099022151287,2.9648319450620764,-0.013732922910789203,-0.00463193974068627,-0.013732922910789203,-0.00463193974068627,0.019160141697277755,128,3,0.2,64,0.0001,256,2.0,1.0,0.0001,True,False
113,0.6948179840853507,5.090359415554946,6.609555268140398,0.6876440780466259,49,50,2.894016706464234,2.938720403266951,-0.04470369680271702,-0.015211959856072151,-0.04336071717395562,-0.01474011496715496,0.016217854370003115,128,3,0.1,64,0.0001,512,1.0,1.0,0.0001,True,False
115,0.6945134471418923,5.091352208399142,6.612852238070872,0.6875963072897272,49,50,2.8943026001818204,2.9395243051083693,-0.04522170492654887,-0.01538402143774134,-0.04299353990408861,-0.014617758520330268,0.015970645461900856,128,3,0.1,64,0.0001,512,1.0,1.0,0.01,True,False
17,0.6934164183014002,5.1036708552504635,6.624715261740957,0.684468314995705,50,50,2.8041379827462993,2.8309247164227718,-0.02678673367647244,-0.009462185101948184,-0.02678673367647244,-0.009462185101948184,0.01477894078905495,128,2,0.1,64,0.0001,512,1.0,1.0,0.0001,True,False
19,0.6930967017697698,5.105617675433873,6.628168608904153,0.6844387471364282,50,50,2.8047794391157863,2.8310921053073574,-0.026312666191571132,-0.009294175255634963,-0.026312666191571132,-0.009294175255634963,0.014924007293164232,128,2,0.1,64,0.0001,512,1.0,1.0,0.01,True,False
261,0.6913851891351175,5.173173025193185,6.646624621747217,0.6823444799455882,49,50,2.8758301930041745,2.8958270347818034,-0.019996841777628838,-0.006905399230494985,-0.01386975633946097,-0.004790682628770856,0.021473085731697816,256,2,0.2,64,0.0001,512,2.0,1.0,0.0001,True,False
263,0.6908239863913728,5.1794028637862555,6.6526651771982594,0.681981894059525,49,50,2.8779556840085343,2.8978294141746805,-0.019873730166146242,-0.006858143570816919,-0.01407507348253878,-0.00485735111640995,0.02206827379908438,256,2,0.2,64,0.0001,512,2.0,1.0,0.01,True,False
65,0.6898167491119612,5.1688997888772406,6.663492931381028,0.6808679495243921,50,50,2.789589955956753,2.812089984241922,-0.022500028285168838,-0.008001176495507613,-0.022500028285168838,-0.008001176495507613,0.015770518402600686,128,2,0.2,64,0.0001,512,1.0,1.0,0.0001,True,False
67,0.6895969797617998,5.1721321572676215,6.665853104288868,0.6805258696097641,50,50,2.7903520718876855,2.812877879086922,-0.02252580719923669,-0.008008099948707588,-0.02252580719923669,-0.008008099948707588,0.01571170754026685,128,2,0.2,64,0.0001,512,1.0,1.0,0.01,True,False
18,0.6836885330291634,5.195797455677806,6.728995499851232,0.677779329830084,50,50,2.8302860711369022,2.860848546621634,-0.030562475484731788,-0.01068301064760066,-0.030562475484731788,-0.01068301064760066,0.015261714055885611,128,2,0.1,64,0.0001,512,1.0,1.0,0.0001,False,False
66,0.6878296397686856,5.198557565862645,6.684802834916584,0.6777030166881226,50,50,2.808393692960036,2.8268312378389773,-0.018437544878941114,-0.006522336612155182,-0.018437544878941114,-0.006522336612155182,0.022170393018484225,128,2,0.2,64,0.0001,512,1.0,1.0,0.0001,False,False
20,0.6833030018372681,5.198732187884438,6.733095015552027,0.6774747814557436,50,50,2.830081214406679,2.860646658480046,-0.030565444073367143,-0.01068480232704012,-0.030565444073367143,-0.01068480232704012,0.01536141383988654,128,2,0.1,64,0.0001,512,1.0,1.0,0.01,False,False
68,0.687440433305045,5.202548095277303,6.688968762167353,0.6772318401392586,50,50,2.8095389708417264,2.827951618418203,-0.018412647576476537,-0.006510948580787792,-0.018412647576476537,-0.006510948580787792,0.022046984797003844,128,2,0.2,64,0.0001,512,1.0,1.0,0.01,False,False
119,0.6789953168441341,5.278491245493767,6.778731838743713,0.6751795765323234,50,50,3.004086225162014,3.0307639164272944,-0.026677691265280412,-0.008802299354523277,-0.026677691265280412,-0.008802299354523277,0.025708870016056484,128,3,0.1,64,0.0001,512,2.0,1.0,0.01,True,False
117,0.6792663864381716,5.272986946350579,6.775869113891345,0.6749907131757609,50,50,3.004404954121366,3.0308096418039017,-0.026404687682535677,-0.00871209043231759,-0.026404687682535677,-0.00871209043231759,0.025617418953026938,128,3,0.1,64,0.0001,512,2.0,1.0,0.0001,True,False
161,0.6797037439984395,5.264791249342286,6.771247695352844,0.6723246904118894,50,50,2.8889540087564334,2.91966885524314,-0.030714846486706637,-0.010519976069049383,-0.030714846486706637,-0.010519976069049383,0.016879306559941742,128,3,0.2,64,0.0001,512,1.0,1.0,0.0001,True,False
163,0.6788576575139039,5.269781617631062,6.780185175270791,0.6714579794873035,50,50,2.8901831643823024,2.921548782144938,-0.0313656177626358,-0.010735955515898605,-0.0313656177626358,-0.010735955515898605,0.016589047192728468,128,3,0.2,64,0.0001,512,1.0,1.0,0.01,True,False
114,0.6705591833277547,5.185683443415535,6.867228093681367,0.6675515414425109,50,50,2.9019820691074507,2.9704945617567713,-0.06851249264932058,-0.023064338690053622,-0.06851249264932058,-0.023064338690053622,0.01631848004870451,128,3,0.1,64,0.0001,512,1.0,1.0,0.0001,False,False
116,0.6705721193619109,5.1877403525983805,6.867093265868966,0.6672879129502423,50,50,2.9021194941461035,2.970906840694142,-0.06878734654803864,-0.023153653155938984,-0.06878734654803864,-0.023153653155938984,0.0165458701047414,128,3,0.1,64,0.0001,512,1.0,1.0,0.01,False,False
21,0.668156094922574,5.3799661199003,6.8922288986565885,0.6606717135778751,50,50,2.9781134295727494,3.001336263244412,-0.023222833671662446,-0.007737498112443694,-0.023222833671662446,-0.007737498112443694,0.021088717697564152,128,2,0.1,64,0.0001,512,2.0,1.0,0.0001,True,False
23,0.6676609761613919,5.384531772381863,6.897368664460498,0.6599100862716467,50,50,2.9802054385263905,3.003294790086184,-0.023089351559793414,-0.007688007063446086,-0.023089351559793414,-0.007688007063446086,0.020619541137653075,128,2,0.1,64,0.0001,512,2.0,1.0,0.01,True,False
162,0.6650125575262045,5.320587971677392,6.924796787392338,0.6598129924520392,49,50,2.861328991173438,2.914944664056568,-0.053615672883130294,-0.01839337588265443,-0.04614445415593815,-0.01584257037746471,0.017682787232413455,128,3,0.2,64,0.0001,512,1.0,1.0,0.0001,False,False
164,0.6648081033108745,5.321666189872214,6.926909684402191,0.6595823422544702,49,50,2.8620384458712276,2.915959679138342,-0.0539212332671144,-0.018491762301407397,-0.046134334372459396,-0.01583696120794411,0.017737370912198513,128,3,0.2,64,0.0001,512,1.0,1.0,0.01,False,False
70,0.6653054847853721,5.396234773297994,6.921768456889076,0.6567570374347453,50,50,2.959935260096337,2.9781519594119614,-0.018216699315624307,-0.006116779655266889,-0.018216699315624307,-0.006116779655266889,0.021683498165133264,128,2,0.2,64,0.0001,512,2.0,1.0,0.0001,False,False
120,0.662873551429025,5.307705341086935,6.946870170883207,0.6564845846746894,49,50,2.9905678456255775,3.052714895394597,-0.062147049769019524,-0.02035796066733128,-0.05692294237141837,-0.018653071919009133,0.016838444967999244,128,3,0.1,64,0.0001,512,2.0,1.0,0.01,False,False
118,0.6627522294988764,5.309316796218727,6.948120045951431,0.6563275187659908,49,50,2.9909014454357377,3.0528374306408805,-0.061935985205142874,-0.02028800635877315,-0.05695649387014523,-0.018660658731545588,0.01732922266476067,128,3,0.1,64,0.0001,512,2.0,1.0,0.0001,False,False
72,0.6646623346871744,5.402398349006332,6.928415711766406,0.6559967329895984,50,50,2.9607627263840555,2.9791307968274463,-0.018368070443390838,-0.006165580397796388,-0.018368070443390838,-0.006165580397796388,0.021582439367214046,128,2,0.2,64,0.0001,512,2.0,1.0,0.01,False,False
69,0.6622840909720147,5.446104970837684,6.95294076676254,0.6552943778499697,50,50,2.986498938490681,2.9994006956721178,-0.012901757181436935,-0.00430144501868426,-0.012901757181436935,-0.00430144501868426,0.019208214081637087,128,2,0.2,64,0.0001,512,2.0,1.0,0.0001,True,False
22,0.6624888650882239,5.415551468657351,6.950832488538687,0.6550831489155224,50,50,2.9983093555287206,3.022468027547937,-0.02415867201921662,-0.007993028147535452,-0.02415867201921662,-0.007993028147535452,0.01667753288794127,128,2,0.1,64,0.0001,512,2.0,1.0,0.0001,False,False
165,0.6602845969694799,5.426729785387631,6.973493316946393,0.6549722649863998,49,50,2.9919798191743214,3.0144769372365627,-0.022497118062241306,-0.007463025437131029,-0.01939566888755273,-0.006431217918888781,0.025387379875247196,128,3,0.2,64,0.0001,512,2.0,1.0,0.0001,True,False
71,0.6617994448293107,5.448617492443272,6.957927958296468,0.6547806900879379,50,50,2.9867129003380657,2.9999407922792765,-0.013227891941210768,-0.004409384336935717,-0.013227891941210768,-0.004409384336935717,0.019178780789340877,128,2,0.2,64,0.0001,512,2.0,1.0,0.01,True,False
24,0.66160740302421,5.421480783290672,6.959903152292238,0.6544545633190688,50,50,2.998931003809487,3.0232499406628803,-0.024318936853393147,-0.008043971663176799,-0.024318936853393147,-0.008043971663176799,0.016650996185155975,128,2,0.1,64,0.0001,512,2.0,1.0,0.01,False,False
167,0.6600323618544551,5.4285428168915475,6.976081709306714,0.6541976196010397,49,50,2.992676791292503,3.01560379109504,-0.022926999802537207,-0.007602789156267723,-0.019469535027942353,-0.006453883424535755,0.025470983588641194,128,3,0.2,64,0.0001,512,2.0,1.0,0.01,True,False
168,0.6467193724294902,5.503530982231538,7.111360273753638,0.6451884780632533,49,50,2.9986103355433693,3.040897477116995,-0.042287141573625675,-0.013906138530430543,-0.03560981820298581,-0.011722218213806127,0.013519896075570914,128,3,0.2,64,0.0001,512,2.0,1.0,0.01,False,False
166,0.6468085398869909,5.501556269866725,7.110462769217417,0.645074617109838,49,50,2.9979229877590887,3.0409077709950454,-0.04298478323595667,-0.014135510338707575,-0.036021756158410856,-0.011857762518562659,0.013202469530082306,128,3,0.2,64,0.0001,512,2.0,1.0,0.0001,False,False
